{"@t":"2025-06-18T06:46:51.4259184Z","@mt":"Acquiring MainDom.","SourceContext":"Umbraco.Cms.Core.Runtime.MainDom","ProcessId":37368,"ProcessName":"iisexpress","ThreadId":1,"ApplicationId":"9f7c6a500e56b027d20d092f03305e7fa5336738","MachineName":"MOHAMED-HHOSNY","Log4NetLevel":"INFO "}
{"@t":"2025-06-18T06:46:51.4570279Z","@mt":"Acquired MainDom.","SourceContext":"Umbraco.Cms.Core.Runtime.MainDom","ProcessId":37368,"ProcessName":"iisexpress","ThreadId":1,"ApplicationId":"9f7c6a500e56b027d20d092f03305e7fa5336738","MachineName":"MOHAMED-HHOSNY","Log4NetLevel":"INFO "}
{"@t":"2025-06-18T06:46:56.1941216Z","@mt":"Starting recurring background jobs hosted services","SourceContext":"Umbraco.Cms.Infrastructure.BackgroundJobs.RecurringBackgroundJobHostedServiceRunner","ProcessId":37368,"ProcessName":"iisexpress","ThreadId":1,"ApplicationId":"9f7c6a500e56b027d20d092f03305e7fa5336738","MachineName":"MOHAMED-HHOSNY","Log4NetLevel":"INFO "}
{"@t":"2025-06-18T06:46:56.1990092Z","@mt":"Starting background hosted service for {job}","job":"HealthCheckNotifierJob","SourceContext":"Umbraco.Cms.Infrastructure.BackgroundJobs.RecurringBackgroundJobHostedServiceRunner","ProcessId":37368,"ProcessName":"iisexpress","ThreadId":1,"ApplicationId":"9f7c6a500e56b027d20d092f03305e7fa5336738","MachineName":"MOHAMED-HHOSNY","Log4NetLevel":"INFO "}
{"@t":"2025-06-18T06:46:56.2136733Z","@mt":"Starting background hosted service for {job}","job":"KeepAliveJob","SourceContext":"Umbraco.Cms.Infrastructure.BackgroundJobs.RecurringBackgroundJobHostedServiceRunner","ProcessId":37368,"ProcessName":"iisexpress","ThreadId":1,"ApplicationId":"9f7c6a500e56b027d20d092f03305e7fa5336738","MachineName":"MOHAMED-HHOSNY","Log4NetLevel":"INFO "}
{"@t":"2025-06-18T06:46:56.2145255Z","@mt":"Starting background hosted service for {job}","job":"LogScrubberJob","SourceContext":"Umbraco.Cms.Infrastructure.BackgroundJobs.RecurringBackgroundJobHostedServiceRunner","ProcessId":37368,"ProcessName":"iisexpress","ThreadId":1,"ApplicationId":"9f7c6a500e56b027d20d092f03305e7fa5336738","MachineName":"MOHAMED-HHOSNY","Log4NetLevel":"INFO "}
{"@t":"2025-06-18T06:46:56.2150911Z","@mt":"Starting background hosted service for {job}","job":"ContentVersionCleanupJob","SourceContext":"Umbraco.Cms.Infrastructure.BackgroundJobs.RecurringBackgroundJobHostedServiceRunner","ProcessId":37368,"ProcessName":"iisexpress","ThreadId":1,"ApplicationId":"9f7c6a500e56b027d20d092f03305e7fa5336738","MachineName":"MOHAMED-HHOSNY","Log4NetLevel":"INFO "}
{"@t":"2025-06-18T06:46:56.2155945Z","@mt":"Starting background hosted service for {job}","job":"ScheduledPublishingJob","SourceContext":"Umbraco.Cms.Infrastructure.BackgroundJobs.RecurringBackgroundJobHostedServiceRunner","ProcessId":37368,"ProcessName":"iisexpress","ThreadId":1,"ApplicationId":"9f7c6a500e56b027d20d092f03305e7fa5336738","MachineName":"MOHAMED-HHOSNY","Log4NetLevel":"INFO "}
{"@t":"2025-06-18T06:46:56.2161591Z","@mt":"Starting background hosted service for {job}","job":"TempFileCleanupJob","SourceContext":"Umbraco.Cms.Infrastructure.BackgroundJobs.RecurringBackgroundJobHostedServiceRunner","ProcessId":37368,"ProcessName":"iisexpress","ThreadId":1,"ApplicationId":"9f7c6a500e56b027d20d092f03305e7fa5336738","MachineName":"MOHAMED-HHOSNY","Log4NetLevel":"INFO "}
{"@t":"2025-06-18T06:46:56.2167311Z","@mt":"Starting background hosted service for {job}","job":"InstructionProcessJob","SourceContext":"Umbraco.Cms.Infrastructure.BackgroundJobs.RecurringBackgroundJobHostedServiceRunner","ProcessId":37368,"ProcessName":"iisexpress","ThreadId":1,"ApplicationId":"9f7c6a500e56b027d20d092f03305e7fa5336738","MachineName":"MOHAMED-HHOSNY","Log4NetLevel":"INFO "}
{"@t":"2025-06-18T06:46:56.2175499Z","@mt":"Starting background hosted service for {job}","job":"TouchServerJob","SourceContext":"Umbraco.Cms.Infrastructure.BackgroundJobs.RecurringBackgroundJobHostedServiceRunner","ProcessId":37368,"ProcessName":"iisexpress","ThreadId":1,"ApplicationId":"9f7c6a500e56b027d20d092f03305e7fa5336738","MachineName":"MOHAMED-HHOSNY","Log4NetLevel":"INFO "}
{"@t":"2025-06-18T06:46:56.2182772Z","@mt":"Starting background hosted service for {job}","job":"WebhookFiring","SourceContext":"Umbraco.Cms.Infrastructure.BackgroundJobs.RecurringBackgroundJobHostedServiceRunner","ProcessId":37368,"ProcessName":"iisexpress","ThreadId":1,"ApplicationId":"9f7c6a500e56b027d20d092f03305e7fa5336738","MachineName":"MOHAMED-HHOSNY","Log4NetLevel":"INFO "}
{"@t":"2025-06-18T06:46:56.2189280Z","@mt":"Starting background hosted service for {job}","job":"WebhookLoggingCleanup","SourceContext":"Umbraco.Cms.Infrastructure.BackgroundJobs.RecurringBackgroundJobHostedServiceRunner","ProcessId":37368,"ProcessName":"iisexpress","ThreadId":1,"ApplicationId":"9f7c6a500e56b027d20d092f03305e7fa5336738","MachineName":"MOHAMED-HHOSNY","Log4NetLevel":"INFO "}
{"@t":"2025-06-18T06:46:56.2194919Z","@mt":"Starting background hosted service for {job}","job":"ReportSiteJob","SourceContext":"Umbraco.Cms.Infrastructure.BackgroundJobs.RecurringBackgroundJobHostedServiceRunner","ProcessId":37368,"ProcessName":"iisexpress","ThreadId":1,"ApplicationId":"9f7c6a500e56b027d20d092f03305e7fa5336738","MachineName":"MOHAMED-HHOSNY","Log4NetLevel":"INFO "}
{"@t":"2025-06-18T06:46:56.2201167Z","@mt":"Completed starting recurring background jobs hosted services","SourceContext":"Umbraco.Cms.Infrastructure.BackgroundJobs.RecurringBackgroundJobHostedServiceRunner","ProcessId":37368,"ProcessName":"iisexpress","ThreadId":1,"ApplicationId":"9f7c6a500e56b027d20d092f03305e7fa5336738","MachineName":"MOHAMED-HHOSNY","Log4NetLevel":"INFO "}
{"@t":"2025-06-18T06:46:57.4118850Z","@mt":"Application started. Press Ctrl+C to shut down.","SourceContext":"Microsoft.Hosting.Lifetime","ProcessId":37368,"ProcessName":"iisexpress","ThreadId":1,"ApplicationId":"9f7c6a500e56b027d20d092f03305e7fa5336738","MachineName":"MOHAMED-HHOSNY","Log4NetLevel":"INFO "}
{"@t":"2025-06-18T06:46:57.4120340Z","@mt":"Hosting environment: {EnvName}","EnvName":"Development","SourceContext":"Microsoft.Hosting.Lifetime","ProcessId":37368,"ProcessName":"iisexpress","ThreadId":1,"ApplicationId":"9f7c6a500e56b027d20d092f03305e7fa5336738","MachineName":"MOHAMED-HHOSNY","Log4NetLevel":"INFO "}
{"@t":"2025-06-18T06:46:57.4121597Z","@mt":"Content root path: {ContentRoot}","ContentRoot":"D:\\Mohamed\\umbraco\\Umbraco_AutoComplete\\Umbraco_AutoComplete","SourceContext":"Microsoft.Hosting.Lifetime","ProcessId":37368,"ProcessName":"iisexpress","ThreadId":1,"ApplicationId":"9f7c6a500e56b027d20d092f03305e7fa5336738","MachineName":"MOHAMED-HHOSNY","Log4NetLevel":"INFO "}
{"@t":"2025-06-18T06:46:59.6621101Z","@mt":"Registered with MainDom, localContentDbExists? {LocalContentDbExists}, localMediaDbExists? {LocalMediaDbExists}","@tr":"5d10537895e58fefaa2ace8290930363","@sp":"9650e0f300ff9228","LocalContentDbExists":true,"LocalMediaDbExists":true,"SourceContext":"Umbraco.Cms.Infrastructure.PublishedCache.PublishedSnapshotService","RequestId":"40000064-0003-f100-b63f-84710c7967bb","RequestPath":"/","ProcessId":37368,"ProcessName":"iisexpress","ThreadId":5,"ApplicationId":"9f7c6a500e56b027d20d092f03305e7fa5336738","MachineName":"MOHAMED-HHOSNY","Log4NetLevel":"INFO ","HttpRequestId":"c6b5c670-c232-4196-b3e4-d5a16710f53f","HttpRequestNumber":1,"HttpSessionId":"0"}
{"@t":"2025-06-18T06:46:59.6704410Z","@mt":"Creating the content store, localContentDbExists? {LocalContentDbExists}","@tr":"5d10537895e58fefaa2ace8290930363","@sp":"9650e0f300ff9228","LocalContentDbExists":true,"SourceContext":"Umbraco.Cms.Infrastructure.PublishedCache.PublishedSnapshotService","RequestId":"40000064-0003-f100-b63f-84710c7967bb","RequestPath":"/","ProcessId":37368,"ProcessName":"iisexpress","ThreadId":5,"ApplicationId":"9f7c6a500e56b027d20d092f03305e7fa5336738","MachineName":"MOHAMED-HHOSNY","Log4NetLevel":"INFO ","HttpRequestId":"c6b5c670-c232-4196-b3e4-d5a16710f53f","HttpRequestNumber":1,"HttpSessionId":"0"}
{"@t":"2025-06-18T06:46:59.6752336Z","@mt":"Creating the media store, localMediaDbExists? {LocalMediaDbExists}","@tr":"5d10537895e58fefaa2ace8290930363","@sp":"9650e0f300ff9228","LocalMediaDbExists":true,"SourceContext":"Umbraco.Cms.Infrastructure.PublishedCache.PublishedSnapshotService","RequestId":"40000064-0003-f100-b63f-84710c7967bb","RequestPath":"/","ProcessId":37368,"ProcessName":"iisexpress","ThreadId":5,"ApplicationId":"9f7c6a500e56b027d20d092f03305e7fa5336738","MachineName":"MOHAMED-HHOSNY","Log4NetLevel":"INFO ","HttpRequestId":"c6b5c670-c232-4196-b3e4-d5a16710f53f","HttpRequestNumber":1,"HttpSessionId":"0"}
{"@t":"2025-06-18T06:47:00.0959617Z","@mt":"{StartMessage} [Timing {TimingId}]","@tr":"5d10537895e58fefaa2ace8290930363","@sp":"9650e0f300ff9228","StartMessage":"Loading content from local cache file","TimingId":"d41c9a4","SourceContext":"Umbraco.Cms.Core.Logging.ProfilingLogger","RequestId":"40000064-0003-f100-b63f-84710c7967bb","RequestPath":"/","ProcessId":37368,"ProcessName":"iisexpress","ThreadId":5,"ApplicationId":"9f7c6a500e56b027d20d092f03305e7fa5336738","MachineName":"MOHAMED-HHOSNY","Log4NetLevel":"INFO ","HttpRequestId":"c6b5c670-c232-4196-b3e4-d5a16710f53f","HttpRequestNumber":1,"HttpSessionId":"0"}
{"@t":"2025-06-18T06:47:00.1582914Z","@mt":"{EndMessage} ({Duration}ms) [Timing {TimingId}]","@tr":"5d10537895e58fefaa2ace8290930363","@sp":"9650e0f300ff9228","EndMessage":"Completed.","Duration":62,"TimingId":"d41c9a4","SourceContext":"Umbraco.Cms.Core.Logging.ProfilingLogger","RequestId":"40000064-0003-f100-b63f-84710c7967bb","RequestPath":"/","ProcessId":37368,"ProcessName":"iisexpress","ThreadId":5,"ApplicationId":"9f7c6a500e56b027d20d092f03305e7fa5336738","MachineName":"MOHAMED-HHOSNY","Log4NetLevel":"INFO ","HttpRequestId":"c6b5c670-c232-4196-b3e4-d5a16710f53f","HttpRequestNumber":1,"HttpSessionId":"0"}
{"@t":"2025-06-18T06:47:00.1754408Z","@mt":"{StartMessage} [Timing {TimingId}]","@tr":"5d10537895e58fefaa2ace8290930363","@sp":"9650e0f300ff9228","StartMessage":"Loading media from local cache file","TimingId":"969d448","SourceContext":"Umbraco.Cms.Core.Logging.ProfilingLogger","RequestId":"40000064-0003-f100-b63f-84710c7967bb","RequestPath":"/","ProcessId":37368,"ProcessName":"iisexpress","ThreadId":5,"ApplicationId":"9f7c6a500e56b027d20d092f03305e7fa5336738","MachineName":"MOHAMED-HHOSNY","Log4NetLevel":"INFO ","HttpRequestId":"c6b5c670-c232-4196-b3e4-d5a16710f53f","HttpRequestNumber":1,"HttpSessionId":"0"}
{"@t":"2025-06-18T06:47:00.1767499Z","@mt":"Tried to load {entityType} from the local cache file but it was empty.","@tr":"5d10537895e58fefaa2ace8290930363","@sp":"9650e0f300ff9228","entityType":"media","SourceContext":"Umbraco.Cms.Infrastructure.PublishedCache.PublishedSnapshotService","RequestId":"40000064-0003-f100-b63f-84710c7967bb","RequestPath":"/","ProcessId":37368,"ProcessName":"iisexpress","ThreadId":5,"ApplicationId":"9f7c6a500e56b027d20d092f03305e7fa5336738","MachineName":"MOHAMED-HHOSNY","Log4NetLevel":"INFO ","HttpRequestId":"c6b5c670-c232-4196-b3e4-d5a16710f53f","HttpRequestNumber":1,"HttpSessionId":"0"}
{"@t":"2025-06-18T06:47:00.1769301Z","@mt":"{EndMessage} ({Duration}ms) [Timing {TimingId}]","@tr":"5d10537895e58fefaa2ace8290930363","@sp":"9650e0f300ff9228","EndMessage":"Completed.","Duration":1,"TimingId":"969d448","SourceContext":"Umbraco.Cms.Core.Logging.ProfilingLogger","RequestId":"40000064-0003-f100-b63f-84710c7967bb","RequestPath":"/","ProcessId":37368,"ProcessName":"iisexpress","ThreadId":5,"ApplicationId":"9f7c6a500e56b027d20d092f03305e7fa5336738","MachineName":"MOHAMED-HHOSNY","Log4NetLevel":"INFO ","HttpRequestId":"c6b5c670-c232-4196-b3e4-d5a16710f53f","HttpRequestNumber":1,"HttpSessionId":"0"}
{"@t":"2025-06-18T06:47:00.1774343Z","@mt":"Loading media from local db raised warnings, will reload from database.","@l":"Warning","@tr":"5d10537895e58fefaa2ace8290930363","@sp":"9650e0f300ff9228","SourceContext":"Umbraco.Cms.Infrastructure.PublishedCache.PublishedSnapshotService","RequestId":"40000064-0003-f100-b63f-84710c7967bb","RequestPath":"/","ProcessId":37368,"ProcessName":"iisexpress","ThreadId":5,"ApplicationId":"9f7c6a500e56b027d20d092f03305e7fa5336738","MachineName":"MOHAMED-HHOSNY","Log4NetLevel":"WARN ","HttpRequestId":"c6b5c670-c232-4196-b3e4-d5a16710f53f","HttpRequestNumber":1,"HttpSessionId":"0"}
{"@t":"2025-06-18T06:47:00.1841556Z","@mt":"{StartMessage} [Timing {TimingId}]","@tr":"5d10537895e58fefaa2ace8290930363","@sp":"9650e0f300ff9228","StartMessage":"Loading media from database","TimingId":"3059b80","SourceContext":"Umbraco.Cms.Core.Logging.ProfilingLogger","RequestId":"40000064-0003-f100-b63f-84710c7967bb","RequestPath":"/","ProcessId":37368,"ProcessName":"iisexpress","ThreadId":5,"ApplicationId":"9f7c6a500e56b027d20d092f03305e7fa5336738","MachineName":"MOHAMED-HHOSNY","Log4NetLevel":"INFO ","HttpRequestId":"c6b5c670-c232-4196-b3e4-d5a16710f53f","HttpRequestNumber":1,"HttpSessionId":"0"}
{"@t":"2025-06-18T06:47:00.3984175Z","@mt":"{EndMessage} ({Duration}ms) [Timing {TimingId}]","@tr":"5d10537895e58fefaa2ace8290930363","@sp":"9650e0f300ff9228","EndMessage":"Completed.","Duration":214,"TimingId":"3059b80","SourceContext":"Umbraco.Cms.Core.Logging.ProfilingLogger","RequestId":"40000064-0003-f100-b63f-84710c7967bb","RequestPath":"/","ProcessId":37368,"ProcessName":"iisexpress","ThreadId":5,"ApplicationId":"9f7c6a500e56b027d20d092f03305e7fa5336738","MachineName":"MOHAMED-HHOSNY","Log4NetLevel":"INFO ","HttpRequestId":"c6b5c670-c232-4196-b3e4-d5a16710f53f","HttpRequestNumber":1,"HttpSessionId":"0"}
{"@t":"2025-06-18T06:47:01.5861165Z","@mt":"No physical template file was found for document type with alias {Alias}","@l":"Warning","@tr":"5d10537895e58fefaa2ace8290930363","@sp":"9650e0f300ff9228","Alias":"testDoc","SourceContext":"Umbraco.Cms.Web.Common.Controllers.RenderController","ActionId":"535b4208-13de-4c6b-8b61-83542f0b0cea","ActionName":"Umbraco.Cms.Web.Common.Controllers.RenderController.Index (Umbraco.Web.Common)","RequestId":"40000064-0003-f100-b63f-84710c7967bb","RequestPath":"/","ProcessId":37368,"ProcessName":"iisexpress","ThreadId":5,"ApplicationId":"9f7c6a500e56b027d20d092f03305e7fa5336738","MachineName":"MOHAMED-HHOSNY","Log4NetLevel":"WARN ","HttpRequestId":"c6b5c670-c232-4196-b3e4-d5a16710f53f","HttpRequestNumber":1,"HttpSessionId":"6b12fcca-550a-e53f-6a8a-bbe26562b210"}
{"@t":"2025-06-18T06:47:59.9280112Z","@mt":"The Delivery API is not enabled, no indexing will performed for the Delivery API content index.","SourceContext":"Umbraco.Cms.Infrastructure.Examine.DeliveryApiContentIndexPopulator","ProcessId":37368,"ProcessName":"iisexpress","ThreadId":7,"ApplicationId":"9f7c6a500e56b027d20d092f03305e7fa5336738","MachineName":"MOHAMED-HHOSNY","Log4NetLevel":"INFO "}
{"@t":"2025-06-18T06:55:11.2330653Z","@mt":"Acquiring MainDom.","SourceContext":"Umbraco.Cms.Core.Runtime.MainDom","ProcessId":43208,"ProcessName":"iisexpress","ThreadId":1,"ApplicationId":"9f7c6a500e56b027d20d092f03305e7fa5336738","MachineName":"MOHAMED-HHOSNY","Log4NetLevel":"INFO "}
{"@t":"2025-06-18T06:55:11.2430756Z","@mt":"Acquired MainDom.","SourceContext":"Umbraco.Cms.Core.Runtime.MainDom","ProcessId":43208,"ProcessName":"iisexpress","ThreadId":1,"ApplicationId":"9f7c6a500e56b027d20d092f03305e7fa5336738","MachineName":"MOHAMED-HHOSNY","Log4NetLevel":"INFO "}
{"@t":"2025-06-18T06:55:14.2880677Z","@mt":"Starting recurring background jobs hosted services","SourceContext":"Umbraco.Cms.Infrastructure.BackgroundJobs.RecurringBackgroundJobHostedServiceRunner","ProcessId":43208,"ProcessName":"iisexpress","ThreadId":1,"ApplicationId":"9f7c6a500e56b027d20d092f03305e7fa5336738","MachineName":"MOHAMED-HHOSNY","Log4NetLevel":"INFO "}
{"@t":"2025-06-18T06:55:14.2898515Z","@mt":"Starting background hosted service for {job}","job":"HealthCheckNotifierJob","SourceContext":"Umbraco.Cms.Infrastructure.BackgroundJobs.RecurringBackgroundJobHostedServiceRunner","ProcessId":43208,"ProcessName":"iisexpress","ThreadId":1,"ApplicationId":"9f7c6a500e56b027d20d092f03305e7fa5336738","MachineName":"MOHAMED-HHOSNY","Log4NetLevel":"INFO "}
{"@t":"2025-06-18T06:55:14.2984271Z","@mt":"Starting background hosted service for {job}","job":"KeepAliveJob","SourceContext":"Umbraco.Cms.Infrastructure.BackgroundJobs.RecurringBackgroundJobHostedServiceRunner","ProcessId":43208,"ProcessName":"iisexpress","ThreadId":1,"ApplicationId":"9f7c6a500e56b027d20d092f03305e7fa5336738","MachineName":"MOHAMED-HHOSNY","Log4NetLevel":"INFO "}
{"@t":"2025-06-18T06:55:14.2994042Z","@mt":"Starting background hosted service for {job}","job":"LogScrubberJob","SourceContext":"Umbraco.Cms.Infrastructure.BackgroundJobs.RecurringBackgroundJobHostedServiceRunner","ProcessId":43208,"ProcessName":"iisexpress","ThreadId":1,"ApplicationId":"9f7c6a500e56b027d20d092f03305e7fa5336738","MachineName":"MOHAMED-HHOSNY","Log4NetLevel":"INFO "}
{"@t":"2025-06-18T06:55:14.2999189Z","@mt":"Starting background hosted service for {job}","job":"ContentVersionCleanupJob","SourceContext":"Umbraco.Cms.Infrastructure.BackgroundJobs.RecurringBackgroundJobHostedServiceRunner","ProcessId":43208,"ProcessName":"iisexpress","ThreadId":1,"ApplicationId":"9f7c6a500e56b027d20d092f03305e7fa5336738","MachineName":"MOHAMED-HHOSNY","Log4NetLevel":"INFO "}
{"@t":"2025-06-18T06:55:14.3003666Z","@mt":"Starting background hosted service for {job}","job":"ScheduledPublishingJob","SourceContext":"Umbraco.Cms.Infrastructure.BackgroundJobs.RecurringBackgroundJobHostedServiceRunner","ProcessId":43208,"ProcessName":"iisexpress","ThreadId":1,"ApplicationId":"9f7c6a500e56b027d20d092f03305e7fa5336738","MachineName":"MOHAMED-HHOSNY","Log4NetLevel":"INFO "}
{"@t":"2025-06-18T06:55:14.3008410Z","@mt":"Starting background hosted service for {job}","job":"TempFileCleanupJob","SourceContext":"Umbraco.Cms.Infrastructure.BackgroundJobs.RecurringBackgroundJobHostedServiceRunner","ProcessId":43208,"ProcessName":"iisexpress","ThreadId":1,"ApplicationId":"9f7c6a500e56b027d20d092f03305e7fa5336738","MachineName":"MOHAMED-HHOSNY","Log4NetLevel":"INFO "}
{"@t":"2025-06-18T06:55:14.3013558Z","@mt":"Starting background hosted service for {job}","job":"InstructionProcessJob","SourceContext":"Umbraco.Cms.Infrastructure.BackgroundJobs.RecurringBackgroundJobHostedServiceRunner","ProcessId":43208,"ProcessName":"iisexpress","ThreadId":1,"ApplicationId":"9f7c6a500e56b027d20d092f03305e7fa5336738","MachineName":"MOHAMED-HHOSNY","Log4NetLevel":"INFO "}
{"@t":"2025-06-18T06:55:14.3022025Z","@mt":"Starting background hosted service for {job}","job":"TouchServerJob","SourceContext":"Umbraco.Cms.Infrastructure.BackgroundJobs.RecurringBackgroundJobHostedServiceRunner","ProcessId":43208,"ProcessName":"iisexpress","ThreadId":1,"ApplicationId":"9f7c6a500e56b027d20d092f03305e7fa5336738","MachineName":"MOHAMED-HHOSNY","Log4NetLevel":"INFO "}
{"@t":"2025-06-18T06:55:14.3029813Z","@mt":"Starting background hosted service for {job}","job":"WebhookFiring","SourceContext":"Umbraco.Cms.Infrastructure.BackgroundJobs.RecurringBackgroundJobHostedServiceRunner","ProcessId":43208,"ProcessName":"iisexpress","ThreadId":1,"ApplicationId":"9f7c6a500e56b027d20d092f03305e7fa5336738","MachineName":"MOHAMED-HHOSNY","Log4NetLevel":"INFO "}
{"@t":"2025-06-18T06:55:14.3037034Z","@mt":"Starting background hosted service for {job}","job":"WebhookLoggingCleanup","SourceContext":"Umbraco.Cms.Infrastructure.BackgroundJobs.RecurringBackgroundJobHostedServiceRunner","ProcessId":43208,"ProcessName":"iisexpress","ThreadId":1,"ApplicationId":"9f7c6a500e56b027d20d092f03305e7fa5336738","MachineName":"MOHAMED-HHOSNY","Log4NetLevel":"INFO "}
{"@t":"2025-06-18T06:55:14.3041611Z","@mt":"Starting background hosted service for {job}","job":"ReportSiteJob","SourceContext":"Umbraco.Cms.Infrastructure.BackgroundJobs.RecurringBackgroundJobHostedServiceRunner","ProcessId":43208,"ProcessName":"iisexpress","ThreadId":1,"ApplicationId":"9f7c6a500e56b027d20d092f03305e7fa5336738","MachineName":"MOHAMED-HHOSNY","Log4NetLevel":"INFO "}
{"@t":"2025-06-18T06:55:14.3043753Z","@mt":"Completed starting recurring background jobs hosted services","SourceContext":"Umbraco.Cms.Infrastructure.BackgroundJobs.RecurringBackgroundJobHostedServiceRunner","ProcessId":43208,"ProcessName":"iisexpress","ThreadId":1,"ApplicationId":"9f7c6a500e56b027d20d092f03305e7fa5336738","MachineName":"MOHAMED-HHOSNY","Log4NetLevel":"INFO "}
{"@t":"2025-06-18T06:55:14.8255917Z","@mt":"Application started. Press Ctrl+C to shut down.","SourceContext":"Microsoft.Hosting.Lifetime","ProcessId":43208,"ProcessName":"iisexpress","ThreadId":1,"ApplicationId":"9f7c6a500e56b027d20d092f03305e7fa5336738","MachineName":"MOHAMED-HHOSNY","Log4NetLevel":"INFO "}
{"@t":"2025-06-18T06:55:14.8259076Z","@mt":"Hosting environment: {EnvName}","EnvName":"Development","SourceContext":"Microsoft.Hosting.Lifetime","ProcessId":43208,"ProcessName":"iisexpress","ThreadId":1,"ApplicationId":"9f7c6a500e56b027d20d092f03305e7fa5336738","MachineName":"MOHAMED-HHOSNY","Log4NetLevel":"INFO "}
{"@t":"2025-06-18T06:55:14.8260831Z","@mt":"Content root path: {ContentRoot}","ContentRoot":"D:\\Mohamed\\umbraco\\Umbraco_AutoComplete\\Umbraco_AutoComplete","SourceContext":"Microsoft.Hosting.Lifetime","ProcessId":43208,"ProcessName":"iisexpress","ThreadId":1,"ApplicationId":"9f7c6a500e56b027d20d092f03305e7fa5336738","MachineName":"MOHAMED-HHOSNY","Log4NetLevel":"INFO "}
{"@t":"2025-06-18T06:55:15.1761057Z","@mt":"Registered with MainDom, localContentDbExists? {LocalContentDbExists}, localMediaDbExists? {LocalMediaDbExists}","@tr":"999abb6d9f1ff30c72e2960b023ed10e","@sp":"16bc880cc0826e88","LocalContentDbExists":true,"LocalMediaDbExists":true,"SourceContext":"Umbraco.Cms.Infrastructure.PublishedCache.PublishedSnapshotService","RequestId":"40000040-0005-ed00-b63f-84710c7967bb","RequestPath":"/","ProcessId":43208,"ProcessName":"iisexpress","ThreadId":9,"ApplicationId":"9f7c6a500e56b027d20d092f03305e7fa5336738","MachineName":"MOHAMED-HHOSNY","Log4NetLevel":"INFO ","HttpRequestId":"fb9e5714-c04f-4454-9cd3-cd45c032b77a","HttpRequestNumber":1,"HttpSessionId":"0"}
{"@t":"2025-06-18T06:55:15.1810210Z","@mt":"Creating the content store, localContentDbExists? {LocalContentDbExists}","@tr":"999abb6d9f1ff30c72e2960b023ed10e","@sp":"16bc880cc0826e88","LocalContentDbExists":true,"SourceContext":"Umbraco.Cms.Infrastructure.PublishedCache.PublishedSnapshotService","RequestId":"40000040-0005-ed00-b63f-84710c7967bb","RequestPath":"/","ProcessId":43208,"ProcessName":"iisexpress","ThreadId":9,"ApplicationId":"9f7c6a500e56b027d20d092f03305e7fa5336738","MachineName":"MOHAMED-HHOSNY","Log4NetLevel":"INFO ","HttpRequestId":"fb9e5714-c04f-4454-9cd3-cd45c032b77a","HttpRequestNumber":1,"HttpSessionId":"0"}
{"@t":"2025-06-18T06:55:15.1831290Z","@mt":"Creating the media store, localMediaDbExists? {LocalMediaDbExists}","@tr":"999abb6d9f1ff30c72e2960b023ed10e","@sp":"16bc880cc0826e88","LocalMediaDbExists":true,"SourceContext":"Umbraco.Cms.Infrastructure.PublishedCache.PublishedSnapshotService","RequestId":"40000040-0005-ed00-b63f-84710c7967bb","RequestPath":"/","ProcessId":43208,"ProcessName":"iisexpress","ThreadId":9,"ApplicationId":"9f7c6a500e56b027d20d092f03305e7fa5336738","MachineName":"MOHAMED-HHOSNY","Log4NetLevel":"INFO ","HttpRequestId":"fb9e5714-c04f-4454-9cd3-cd45c032b77a","HttpRequestNumber":1,"HttpSessionId":"0"}
{"@t":"2025-06-18T06:55:15.4354696Z","@mt":"{StartMessage} [Timing {TimingId}]","@tr":"999abb6d9f1ff30c72e2960b023ed10e","@sp":"16bc880cc0826e88","StartMessage":"Loading content from local cache file","TimingId":"ec5088f","SourceContext":"Umbraco.Cms.Core.Logging.ProfilingLogger","RequestId":"40000040-0005-ed00-b63f-84710c7967bb","RequestPath":"/","ProcessId":43208,"ProcessName":"iisexpress","ThreadId":9,"ApplicationId":"9f7c6a500e56b027d20d092f03305e7fa5336738","MachineName":"MOHAMED-HHOSNY","Log4NetLevel":"INFO ","HttpRequestId":"fb9e5714-c04f-4454-9cd3-cd45c032b77a","HttpRequestNumber":1,"HttpSessionId":"0"}
{"@t":"2025-06-18T06:55:15.4735392Z","@mt":"{EndMessage} ({Duration}ms) [Timing {TimingId}]","@tr":"999abb6d9f1ff30c72e2960b023ed10e","@sp":"16bc880cc0826e88","EndMessage":"Completed.","Duration":38,"TimingId":"ec5088f","SourceContext":"Umbraco.Cms.Core.Logging.ProfilingLogger","RequestId":"40000040-0005-ed00-b63f-84710c7967bb","RequestPath":"/","ProcessId":43208,"ProcessName":"iisexpress","ThreadId":9,"ApplicationId":"9f7c6a500e56b027d20d092f03305e7fa5336738","MachineName":"MOHAMED-HHOSNY","Log4NetLevel":"INFO ","HttpRequestId":"fb9e5714-c04f-4454-9cd3-cd45c032b77a","HttpRequestNumber":1,"HttpSessionId":"0"}
{"@t":"2025-06-18T06:55:15.4840395Z","@mt":"{StartMessage} [Timing {TimingId}]","@tr":"999abb6d9f1ff30c72e2960b023ed10e","@sp":"16bc880cc0826e88","StartMessage":"Loading media from local cache file","TimingId":"cb8d0f3","SourceContext":"Umbraco.Cms.Core.Logging.ProfilingLogger","RequestId":"40000040-0005-ed00-b63f-84710c7967bb","RequestPath":"/","ProcessId":43208,"ProcessName":"iisexpress","ThreadId":9,"ApplicationId":"9f7c6a500e56b027d20d092f03305e7fa5336738","MachineName":"MOHAMED-HHOSNY","Log4NetLevel":"INFO ","HttpRequestId":"fb9e5714-c04f-4454-9cd3-cd45c032b77a","HttpRequestNumber":1,"HttpSessionId":"0"}
{"@t":"2025-06-18T06:55:15.4851003Z","@mt":"Tried to load {entityType} from the local cache file but it was empty.","@tr":"999abb6d9f1ff30c72e2960b023ed10e","@sp":"16bc880cc0826e88","entityType":"media","SourceContext":"Umbraco.Cms.Infrastructure.PublishedCache.PublishedSnapshotService","RequestId":"40000040-0005-ed00-b63f-84710c7967bb","RequestPath":"/","ProcessId":43208,"ProcessName":"iisexpress","ThreadId":9,"ApplicationId":"9f7c6a500e56b027d20d092f03305e7fa5336738","MachineName":"MOHAMED-HHOSNY","Log4NetLevel":"INFO ","HttpRequestId":"fb9e5714-c04f-4454-9cd3-cd45c032b77a","HttpRequestNumber":1,"HttpSessionId":"0"}
{"@t":"2025-06-18T06:55:15.4852628Z","@mt":"{EndMessage} ({Duration}ms) [Timing {TimingId}]","@tr":"999abb6d9f1ff30c72e2960b023ed10e","@sp":"16bc880cc0826e88","EndMessage":"Completed.","Duration":1,"TimingId":"cb8d0f3","SourceContext":"Umbraco.Cms.Core.Logging.ProfilingLogger","RequestId":"40000040-0005-ed00-b63f-84710c7967bb","RequestPath":"/","ProcessId":43208,"ProcessName":"iisexpress","ThreadId":9,"ApplicationId":"9f7c6a500e56b027d20d092f03305e7fa5336738","MachineName":"MOHAMED-HHOSNY","Log4NetLevel":"INFO ","HttpRequestId":"fb9e5714-c04f-4454-9cd3-cd45c032b77a","HttpRequestNumber":1,"HttpSessionId":"0"}
{"@t":"2025-06-18T06:55:15.4855667Z","@mt":"Loading media from local db raised warnings, will reload from database.","@l":"Warning","@tr":"999abb6d9f1ff30c72e2960b023ed10e","@sp":"16bc880cc0826e88","SourceContext":"Umbraco.Cms.Infrastructure.PublishedCache.PublishedSnapshotService","RequestId":"40000040-0005-ed00-b63f-84710c7967bb","RequestPath":"/","ProcessId":43208,"ProcessName":"iisexpress","ThreadId":9,"ApplicationId":"9f7c6a500e56b027d20d092f03305e7fa5336738","MachineName":"MOHAMED-HHOSNY","Log4NetLevel":"WARN ","HttpRequestId":"fb9e5714-c04f-4454-9cd3-cd45c032b77a","HttpRequestNumber":1,"HttpSessionId":"0"}
{"@t":"2025-06-18T06:55:15.4884491Z","@mt":"{StartMessage} [Timing {TimingId}]","@tr":"999abb6d9f1ff30c72e2960b023ed10e","@sp":"16bc880cc0826e88","StartMessage":"Loading media from database","TimingId":"77a5b9f","SourceContext":"Umbraco.Cms.Core.Logging.ProfilingLogger","RequestId":"40000040-0005-ed00-b63f-84710c7967bb","RequestPath":"/","ProcessId":43208,"ProcessName":"iisexpress","ThreadId":9,"ApplicationId":"9f7c6a500e56b027d20d092f03305e7fa5336738","MachineName":"MOHAMED-HHOSNY","Log4NetLevel":"INFO ","HttpRequestId":"fb9e5714-c04f-4454-9cd3-cd45c032b77a","HttpRequestNumber":1,"HttpSessionId":"0"}
{"@t":"2025-06-18T06:55:15.6196636Z","@mt":"{EndMessage} ({Duration}ms) [Timing {TimingId}]","@tr":"999abb6d9f1ff30c72e2960b023ed10e","@sp":"16bc880cc0826e88","EndMessage":"Completed.","Duration":131,"TimingId":"77a5b9f","SourceContext":"Umbraco.Cms.Core.Logging.ProfilingLogger","RequestId":"40000040-0005-ed00-b63f-84710c7967bb","RequestPath":"/","ProcessId":43208,"ProcessName":"iisexpress","ThreadId":9,"ApplicationId":"9f7c6a500e56b027d20d092f03305e7fa5336738","MachineName":"MOHAMED-HHOSNY","Log4NetLevel":"INFO ","HttpRequestId":"fb9e5714-c04f-4454-9cd3-cd45c032b77a","HttpRequestNumber":1,"HttpSessionId":"0"}
{"@t":"2025-06-18T06:55:16.0370705Z","@mt":"No physical template file was found for document type with alias {Alias}","@l":"Warning","@tr":"999abb6d9f1ff30c72e2960b023ed10e","@sp":"16bc880cc0826e88","Alias":"testDoc","SourceContext":"Umbraco.Cms.Web.Common.Controllers.RenderController","ActionId":"7c9ba2be-2844-4110-9b21-4b17ad409d4a","ActionName":"Umbraco.Cms.Web.Common.Controllers.RenderController.Index (Umbraco.Web.Common)","RequestId":"40000040-0005-ed00-b63f-84710c7967bb","RequestPath":"/","ProcessId":43208,"ProcessName":"iisexpress","ThreadId":9,"ApplicationId":"9f7c6a500e56b027d20d092f03305e7fa5336738","MachineName":"MOHAMED-HHOSNY","Log4NetLevel":"WARN ","HttpRequestId":"fb9e5714-c04f-4454-9cd3-cd45c032b77a","HttpRequestNumber":1,"HttpSessionId":"f10ad235-4003-09a3-a612-3db4ec45dd59"}
{"@t":"2025-06-18T06:56:15.2130159Z","@mt":"The Delivery API is not enabled, no indexing will performed for the Delivery API content index.","SourceContext":"Umbraco.Cms.Infrastructure.Examine.DeliveryApiContentIndexPopulator","ProcessId":43208,"ProcessName":"iisexpress","ThreadId":6,"ApplicationId":"9f7c6a500e56b027d20d092f03305e7fa5336738","MachineName":"MOHAMED-HHOSNY","Log4NetLevel":"INFO "}
{"@t":"2025-06-18T06:59:17.6358674Z","@mt":"Acquiring MainDom.","SourceContext":"Umbraco.Cms.Core.Runtime.MainDom","ProcessId":45048,"ProcessName":"iisexpress","ThreadId":1,"ApplicationId":"9f7c6a500e56b027d20d092f03305e7fa5336738","MachineName":"MOHAMED-HHOSNY","Log4NetLevel":"INFO "}
{"@t":"2025-06-18T06:59:17.6472296Z","@mt":"Acquired MainDom.","SourceContext":"Umbraco.Cms.Core.Runtime.MainDom","ProcessId":45048,"ProcessName":"iisexpress","ThreadId":1,"ApplicationId":"9f7c6a500e56b027d20d092f03305e7fa5336738","MachineName":"MOHAMED-HHOSNY","Log4NetLevel":"INFO "}
{"@t":"2025-06-18T06:59:19.8724274Z","@mt":"Starting recurring background jobs hosted services","SourceContext":"Umbraco.Cms.Infrastructure.BackgroundJobs.RecurringBackgroundJobHostedServiceRunner","ProcessId":45048,"ProcessName":"iisexpress","ThreadId":1,"ApplicationId":"9f7c6a500e56b027d20d092f03305e7fa5336738","MachineName":"MOHAMED-HHOSNY","Log4NetLevel":"INFO "}
{"@t":"2025-06-18T06:59:19.8737603Z","@mt":"Starting background hosted service for {job}","job":"HealthCheckNotifierJob","SourceContext":"Umbraco.Cms.Infrastructure.BackgroundJobs.RecurringBackgroundJobHostedServiceRunner","ProcessId":45048,"ProcessName":"iisexpress","ThreadId":1,"ApplicationId":"9f7c6a500e56b027d20d092f03305e7fa5336738","MachineName":"MOHAMED-HHOSNY","Log4NetLevel":"INFO "}
{"@t":"2025-06-18T06:59:19.8806577Z","@mt":"Starting background hosted service for {job}","job":"KeepAliveJob","SourceContext":"Umbraco.Cms.Infrastructure.BackgroundJobs.RecurringBackgroundJobHostedServiceRunner","ProcessId":45048,"ProcessName":"iisexpress","ThreadId":1,"ApplicationId":"9f7c6a500e56b027d20d092f03305e7fa5336738","MachineName":"MOHAMED-HHOSNY","Log4NetLevel":"INFO "}
{"@t":"2025-06-18T06:59:19.8815372Z","@mt":"Starting background hosted service for {job}","job":"LogScrubberJob","SourceContext":"Umbraco.Cms.Infrastructure.BackgroundJobs.RecurringBackgroundJobHostedServiceRunner","ProcessId":45048,"ProcessName":"iisexpress","ThreadId":1,"ApplicationId":"9f7c6a500e56b027d20d092f03305e7fa5336738","MachineName":"MOHAMED-HHOSNY","Log4NetLevel":"INFO "}
{"@t":"2025-06-18T06:59:19.8820430Z","@mt":"Starting background hosted service for {job}","job":"ContentVersionCleanupJob","SourceContext":"Umbraco.Cms.Infrastructure.BackgroundJobs.RecurringBackgroundJobHostedServiceRunner","ProcessId":45048,"ProcessName":"iisexpress","ThreadId":1,"ApplicationId":"9f7c6a500e56b027d20d092f03305e7fa5336738","MachineName":"MOHAMED-HHOSNY","Log4NetLevel":"INFO "}
{"@t":"2025-06-18T06:59:19.8825429Z","@mt":"Starting background hosted service for {job}","job":"ScheduledPublishingJob","SourceContext":"Umbraco.Cms.Infrastructure.BackgroundJobs.RecurringBackgroundJobHostedServiceRunner","ProcessId":45048,"ProcessName":"iisexpress","ThreadId":1,"ApplicationId":"9f7c6a500e56b027d20d092f03305e7fa5336738","MachineName":"MOHAMED-HHOSNY","Log4NetLevel":"INFO "}
{"@t":"2025-06-18T06:59:19.8830870Z","@mt":"Starting background hosted service for {job}","job":"TempFileCleanupJob","SourceContext":"Umbraco.Cms.Infrastructure.BackgroundJobs.RecurringBackgroundJobHostedServiceRunner","ProcessId":45048,"ProcessName":"iisexpress","ThreadId":1,"ApplicationId":"9f7c6a500e56b027d20d092f03305e7fa5336738","MachineName":"MOHAMED-HHOSNY","Log4NetLevel":"INFO "}
{"@t":"2025-06-18T06:59:19.8835260Z","@mt":"Starting background hosted service for {job}","job":"InstructionProcessJob","SourceContext":"Umbraco.Cms.Infrastructure.BackgroundJobs.RecurringBackgroundJobHostedServiceRunner","ProcessId":45048,"ProcessName":"iisexpress","ThreadId":1,"ApplicationId":"9f7c6a500e56b027d20d092f03305e7fa5336738","MachineName":"MOHAMED-HHOSNY","Log4NetLevel":"INFO "}
{"@t":"2025-06-18T06:59:19.8839939Z","@mt":"Starting background hosted service for {job}","job":"TouchServerJob","SourceContext":"Umbraco.Cms.Infrastructure.BackgroundJobs.RecurringBackgroundJobHostedServiceRunner","ProcessId":45048,"ProcessName":"iisexpress","ThreadId":1,"ApplicationId":"9f7c6a500e56b027d20d092f03305e7fa5336738","MachineName":"MOHAMED-HHOSNY","Log4NetLevel":"INFO "}
{"@t":"2025-06-18T06:59:19.8844432Z","@mt":"Starting background hosted service for {job}","job":"WebhookFiring","SourceContext":"Umbraco.Cms.Infrastructure.BackgroundJobs.RecurringBackgroundJobHostedServiceRunner","ProcessId":45048,"ProcessName":"iisexpress","ThreadId":1,"ApplicationId":"9f7c6a500e56b027d20d092f03305e7fa5336738","MachineName":"MOHAMED-HHOSNY","Log4NetLevel":"INFO "}
{"@t":"2025-06-18T06:59:19.8847207Z","@mt":"Starting background hosted service for {job}","job":"WebhookLoggingCleanup","SourceContext":"Umbraco.Cms.Infrastructure.BackgroundJobs.RecurringBackgroundJobHostedServiceRunner","ProcessId":45048,"ProcessName":"iisexpress","ThreadId":1,"ApplicationId":"9f7c6a500e56b027d20d092f03305e7fa5336738","MachineName":"MOHAMED-HHOSNY","Log4NetLevel":"INFO "}
{"@t":"2025-06-18T06:59:19.8850520Z","@mt":"Starting background hosted service for {job}","job":"ReportSiteJob","SourceContext":"Umbraco.Cms.Infrastructure.BackgroundJobs.RecurringBackgroundJobHostedServiceRunner","ProcessId":45048,"ProcessName":"iisexpress","ThreadId":1,"ApplicationId":"9f7c6a500e56b027d20d092f03305e7fa5336738","MachineName":"MOHAMED-HHOSNY","Log4NetLevel":"INFO "}
{"@t":"2025-06-18T06:59:19.8853249Z","@mt":"Completed starting recurring background jobs hosted services","SourceContext":"Umbraco.Cms.Infrastructure.BackgroundJobs.RecurringBackgroundJobHostedServiceRunner","ProcessId":45048,"ProcessName":"iisexpress","ThreadId":1,"ApplicationId":"9f7c6a500e56b027d20d092f03305e7fa5336738","MachineName":"MOHAMED-HHOSNY","Log4NetLevel":"INFO "}
{"@t":"2025-06-18T06:59:20.1323001Z","@mt":"Application started. Press Ctrl+C to shut down.","SourceContext":"Microsoft.Hosting.Lifetime","ProcessId":45048,"ProcessName":"iisexpress","ThreadId":1,"ApplicationId":"9f7c6a500e56b027d20d092f03305e7fa5336738","MachineName":"MOHAMED-HHOSNY","Log4NetLevel":"INFO "}
{"@t":"2025-06-18T06:59:20.1324092Z","@mt":"Hosting environment: {EnvName}","EnvName":"Development","SourceContext":"Microsoft.Hosting.Lifetime","ProcessId":45048,"ProcessName":"iisexpress","ThreadId":1,"ApplicationId":"9f7c6a500e56b027d20d092f03305e7fa5336738","MachineName":"MOHAMED-HHOSNY","Log4NetLevel":"INFO "}
{"@t":"2025-06-18T06:59:20.1324532Z","@mt":"Content root path: {ContentRoot}","ContentRoot":"D:\\Mohamed\\umbraco\\Umbraco_AutoComplete\\Umbraco_AutoComplete","SourceContext":"Microsoft.Hosting.Lifetime","ProcessId":45048,"ProcessName":"iisexpress","ThreadId":1,"ApplicationId":"9f7c6a500e56b027d20d092f03305e7fa5336738","MachineName":"MOHAMED-HHOSNY","Log4NetLevel":"INFO "}
{"@t":"2025-06-18T06:59:20.7347597Z","@mt":"Registered with MainDom, localContentDbExists? {LocalContentDbExists}, localMediaDbExists? {LocalMediaDbExists}","@tr":"b0fcc43d48a97d3e9a3bf3a5cfb022b7","@sp":"af1d122fb4b4f9b4","LocalContentDbExists":true,"LocalMediaDbExists":true,"SourceContext":"Umbraco.Cms.Infrastructure.PublishedCache.PublishedSnapshotService","ActionId":"70a65717-116f-494a-bbf2-44e0e9f80eeb","ActionName":"Umbraco.Cms.Web.BackOffice.Controllers.EntityController.GetAll (Umbraco.Web.BackOffice)","RequestId":"40000071-0004-ff00-b63f-84710c7967bb","RequestPath":"/umbraco/backoffice/umbracoapi/entity/GetAll","ProcessId":45048,"ProcessName":"iisexpress","ThreadId":17,"ApplicationId":"9f7c6a500e56b027d20d092f03305e7fa5336738","MachineName":"MOHAMED-HHOSNY","Log4NetLevel":"INFO ","HttpRequestId":"3f3ba648-90d4-45c4-83e1-b539ec855f16","HttpRequestNumber":1,"HttpSessionId":"53f651f9-ad54-3887-30f9-f84b6d7364c7"}
{"@t":"2025-06-18T06:59:20.7419275Z","@mt":"Creating the content store, localContentDbExists? {LocalContentDbExists}","@tr":"b0fcc43d48a97d3e9a3bf3a5cfb022b7","@sp":"af1d122fb4b4f9b4","LocalContentDbExists":true,"SourceContext":"Umbraco.Cms.Infrastructure.PublishedCache.PublishedSnapshotService","ActionId":"70a65717-116f-494a-bbf2-44e0e9f80eeb","ActionName":"Umbraco.Cms.Web.BackOffice.Controllers.EntityController.GetAll (Umbraco.Web.BackOffice)","RequestId":"40000071-0004-ff00-b63f-84710c7967bb","RequestPath":"/umbraco/backoffice/umbracoapi/entity/GetAll","ProcessId":45048,"ProcessName":"iisexpress","ThreadId":17,"ApplicationId":"9f7c6a500e56b027d20d092f03305e7fa5336738","MachineName":"MOHAMED-HHOSNY","Log4NetLevel":"INFO ","HttpRequestId":"3f3ba648-90d4-45c4-83e1-b539ec855f16","HttpRequestNumber":1,"HttpSessionId":"53f651f9-ad54-3887-30f9-f84b6d7364c7"}
{"@t":"2025-06-18T06:59:20.7444349Z","@mt":"Creating the media store, localMediaDbExists? {LocalMediaDbExists}","@tr":"b0fcc43d48a97d3e9a3bf3a5cfb022b7","@sp":"af1d122fb4b4f9b4","LocalMediaDbExists":true,"SourceContext":"Umbraco.Cms.Infrastructure.PublishedCache.PublishedSnapshotService","ActionId":"70a65717-116f-494a-bbf2-44e0e9f80eeb","ActionName":"Umbraco.Cms.Web.BackOffice.Controllers.EntityController.GetAll (Umbraco.Web.BackOffice)","RequestId":"40000071-0004-ff00-b63f-84710c7967bb","RequestPath":"/umbraco/backoffice/umbracoapi/entity/GetAll","ProcessId":45048,"ProcessName":"iisexpress","ThreadId":17,"ApplicationId":"9f7c6a500e56b027d20d092f03305e7fa5336738","MachineName":"MOHAMED-HHOSNY","Log4NetLevel":"INFO ","HttpRequestId":"3f3ba648-90d4-45c4-83e1-b539ec855f16","HttpRequestNumber":1,"HttpSessionId":"53f651f9-ad54-3887-30f9-f84b6d7364c7"}
{"@t":"2025-06-18T06:59:20.9942345Z","@mt":"{StartMessage} [Timing {TimingId}]","@tr":"b0fcc43d48a97d3e9a3bf3a5cfb022b7","@sp":"af1d122fb4b4f9b4","StartMessage":"Loading content from local cache file","TimingId":"f0cee8a","SourceContext":"Umbraco.Cms.Core.Logging.ProfilingLogger","ActionId":"70a65717-116f-494a-bbf2-44e0e9f80eeb","ActionName":"Umbraco.Cms.Web.BackOffice.Controllers.EntityController.GetAll (Umbraco.Web.BackOffice)","RequestId":"40000071-0004-ff00-b63f-84710c7967bb","RequestPath":"/umbraco/backoffice/umbracoapi/entity/GetAll","ProcessId":45048,"ProcessName":"iisexpress","ThreadId":17,"ApplicationId":"9f7c6a500e56b027d20d092f03305e7fa5336738","MachineName":"MOHAMED-HHOSNY","Log4NetLevel":"INFO ","HttpRequestId":"3f3ba648-90d4-45c4-83e1-b539ec855f16","HttpRequestNumber":1,"HttpSessionId":"53f651f9-ad54-3887-30f9-f84b6d7364c7"}
{"@t":"2025-06-18T06:59:21.0166731Z","@mt":"{EndMessage} ({Duration}ms) [Timing {TimingId}]","@tr":"b0fcc43d48a97d3e9a3bf3a5cfb022b7","@sp":"af1d122fb4b4f9b4","EndMessage":"Completed.","Duration":22,"TimingId":"f0cee8a","SourceContext":"Umbraco.Cms.Core.Logging.ProfilingLogger","ActionId":"70a65717-116f-494a-bbf2-44e0e9f80eeb","ActionName":"Umbraco.Cms.Web.BackOffice.Controllers.EntityController.GetAll (Umbraco.Web.BackOffice)","RequestId":"40000071-0004-ff00-b63f-84710c7967bb","RequestPath":"/umbraco/backoffice/umbracoapi/entity/GetAll","ProcessId":45048,"ProcessName":"iisexpress","ThreadId":17,"ApplicationId":"9f7c6a500e56b027d20d092f03305e7fa5336738","MachineName":"MOHAMED-HHOSNY","Log4NetLevel":"INFO ","HttpRequestId":"3f3ba648-90d4-45c4-83e1-b539ec855f16","HttpRequestNumber":1,"HttpSessionId":"53f651f9-ad54-3887-30f9-f84b6d7364c7"}
{"@t":"2025-06-18T06:59:21.0232714Z","@mt":"{StartMessage} [Timing {TimingId}]","@tr":"b0fcc43d48a97d3e9a3bf3a5cfb022b7","@sp":"af1d122fb4b4f9b4","StartMessage":"Loading media from local cache file","TimingId":"695c3be","SourceContext":"Umbraco.Cms.Core.Logging.ProfilingLogger","ActionId":"70a65717-116f-494a-bbf2-44e0e9f80eeb","ActionName":"Umbraco.Cms.Web.BackOffice.Controllers.EntityController.GetAll (Umbraco.Web.BackOffice)","RequestId":"40000071-0004-ff00-b63f-84710c7967bb","RequestPath":"/umbraco/backoffice/umbracoapi/entity/GetAll","ProcessId":45048,"ProcessName":"iisexpress","ThreadId":17,"ApplicationId":"9f7c6a500e56b027d20d092f03305e7fa5336738","MachineName":"MOHAMED-HHOSNY","Log4NetLevel":"INFO ","HttpRequestId":"3f3ba648-90d4-45c4-83e1-b539ec855f16","HttpRequestNumber":1,"HttpSessionId":"53f651f9-ad54-3887-30f9-f84b6d7364c7"}
{"@t":"2025-06-18T06:59:21.0239656Z","@mt":"Tried to load {entityType} from the local cache file but it was empty.","@tr":"b0fcc43d48a97d3e9a3bf3a5cfb022b7","@sp":"af1d122fb4b4f9b4","entityType":"media","SourceContext":"Umbraco.Cms.Infrastructure.PublishedCache.PublishedSnapshotService","ActionId":"70a65717-116f-494a-bbf2-44e0e9f80eeb","ActionName":"Umbraco.Cms.Web.BackOffice.Controllers.EntityController.GetAll (Umbraco.Web.BackOffice)","RequestId":"40000071-0004-ff00-b63f-84710c7967bb","RequestPath":"/umbraco/backoffice/umbracoapi/entity/GetAll","ProcessId":45048,"ProcessName":"iisexpress","ThreadId":17,"ApplicationId":"9f7c6a500e56b027d20d092f03305e7fa5336738","MachineName":"MOHAMED-HHOSNY","Log4NetLevel":"INFO ","HttpRequestId":"3f3ba648-90d4-45c4-83e1-b539ec855f16","HttpRequestNumber":1,"HttpSessionId":"53f651f9-ad54-3887-30f9-f84b6d7364c7"}
{"@t":"2025-06-18T06:59:21.0242662Z","@mt":"{EndMessage} ({Duration}ms) [Timing {TimingId}]","@tr":"b0fcc43d48a97d3e9a3bf3a5cfb022b7","@sp":"af1d122fb4b4f9b4","EndMessage":"Completed.","Duration":0,"TimingId":"695c3be","SourceContext":"Umbraco.Cms.Core.Logging.ProfilingLogger","ActionId":"70a65717-116f-494a-bbf2-44e0e9f80eeb","ActionName":"Umbraco.Cms.Web.BackOffice.Controllers.EntityController.GetAll (Umbraco.Web.BackOffice)","RequestId":"40000071-0004-ff00-b63f-84710c7967bb","RequestPath":"/umbraco/backoffice/umbracoapi/entity/GetAll","ProcessId":45048,"ProcessName":"iisexpress","ThreadId":17,"ApplicationId":"9f7c6a500e56b027d20d092f03305e7fa5336738","MachineName":"MOHAMED-HHOSNY","Log4NetLevel":"INFO ","HttpRequestId":"3f3ba648-90d4-45c4-83e1-b539ec855f16","HttpRequestNumber":1,"HttpSessionId":"53f651f9-ad54-3887-30f9-f84b6d7364c7"}
{"@t":"2025-06-18T06:59:21.0247757Z","@mt":"Loading media from local db raised warnings, will reload from database.","@l":"Warning","@tr":"b0fcc43d48a97d3e9a3bf3a5cfb022b7","@sp":"af1d122fb4b4f9b4","SourceContext":"Umbraco.Cms.Infrastructure.PublishedCache.PublishedSnapshotService","ActionId":"70a65717-116f-494a-bbf2-44e0e9f80eeb","ActionName":"Umbraco.Cms.Web.BackOffice.Controllers.EntityController.GetAll (Umbraco.Web.BackOffice)","RequestId":"40000071-0004-ff00-b63f-84710c7967bb","RequestPath":"/umbraco/backoffice/umbracoapi/entity/GetAll","ProcessId":45048,"ProcessName":"iisexpress","ThreadId":17,"ApplicationId":"9f7c6a500e56b027d20d092f03305e7fa5336738","MachineName":"MOHAMED-HHOSNY","Log4NetLevel":"WARN ","HttpRequestId":"3f3ba648-90d4-45c4-83e1-b539ec855f16","HttpRequestNumber":1,"HttpSessionId":"53f651f9-ad54-3887-30f9-f84b6d7364c7"}
{"@t":"2025-06-18T06:59:21.0294886Z","@mt":"{StartMessage} [Timing {TimingId}]","@tr":"b0fcc43d48a97d3e9a3bf3a5cfb022b7","@sp":"af1d122fb4b4f9b4","StartMessage":"Loading media from database","TimingId":"e8752f1","SourceContext":"Umbraco.Cms.Core.Logging.ProfilingLogger","ActionId":"70a65717-116f-494a-bbf2-44e0e9f80eeb","ActionName":"Umbraco.Cms.Web.BackOffice.Controllers.EntityController.GetAll (Umbraco.Web.BackOffice)","RequestId":"40000071-0004-ff00-b63f-84710c7967bb","RequestPath":"/umbraco/backoffice/umbracoapi/entity/GetAll","ProcessId":45048,"ProcessName":"iisexpress","ThreadId":17,"ApplicationId":"9f7c6a500e56b027d20d092f03305e7fa5336738","MachineName":"MOHAMED-HHOSNY","Log4NetLevel":"INFO ","HttpRequestId":"3f3ba648-90d4-45c4-83e1-b539ec855f16","HttpRequestNumber":1,"HttpSessionId":"53f651f9-ad54-3887-30f9-f84b6d7364c7"}
{"@t":"2025-06-18T06:59:21.2301635Z","@mt":"{EndMessage} ({Duration}ms) [Timing {TimingId}]","@tr":"b0fcc43d48a97d3e9a3bf3a5cfb022b7","@sp":"af1d122fb4b4f9b4","EndMessage":"Completed.","Duration":200,"TimingId":"e8752f1","SourceContext":"Umbraco.Cms.Core.Logging.ProfilingLogger","ActionId":"70a65717-116f-494a-bbf2-44e0e9f80eeb","ActionName":"Umbraco.Cms.Web.BackOffice.Controllers.EntityController.GetAll (Umbraco.Web.BackOffice)","RequestId":"40000071-0004-ff00-b63f-84710c7967bb","RequestPath":"/umbraco/backoffice/umbracoapi/entity/GetAll","ProcessId":45048,"ProcessName":"iisexpress","ThreadId":17,"ApplicationId":"9f7c6a500e56b027d20d092f03305e7fa5336738","MachineName":"MOHAMED-HHOSNY","Log4NetLevel":"INFO ","HttpRequestId":"3f3ba648-90d4-45c4-83e1-b539ec855f16","HttpRequestNumber":1,"HttpSessionId":"53f651f9-ad54-3887-30f9-f84b6d7364c7"}
{"@t":"2025-06-18T07:00:20.7796261Z","@mt":"The Delivery API is not enabled, no indexing will performed for the Delivery API content index.","SourceContext":"Umbraco.Cms.Infrastructure.Examine.DeliveryApiContentIndexPopulator","ProcessId":45048,"ProcessName":"iisexpress","ThreadId":12,"ApplicationId":"9f7c6a500e56b027d20d092f03305e7fa5336738","MachineName":"MOHAMED-HHOSNY","Log4NetLevel":"INFO "}
{"@t":"2025-06-18T07:13:12.4856701Z","@mt":"Acquiring MainDom.","SourceContext":"Umbraco.Cms.Core.Runtime.MainDom","ProcessId":22828,"ProcessName":"iisexpress","ThreadId":1,"ApplicationId":"9f7c6a500e56b027d20d092f03305e7fa5336738","MachineName":"MOHAMED-HHOSNY","Log4NetLevel":"INFO "}
{"@t":"2025-06-18T07:13:12.4969055Z","@mt":"Acquired MainDom.","SourceContext":"Umbraco.Cms.Core.Runtime.MainDom","ProcessId":22828,"ProcessName":"iisexpress","ThreadId":1,"ApplicationId":"9f7c6a500e56b027d20d092f03305e7fa5336738","MachineName":"MOHAMED-HHOSNY","Log4NetLevel":"INFO "}
{"@t":"2025-06-18T07:13:14.5838874Z","@mt":"Starting recurring background jobs hosted services","SourceContext":"Umbraco.Cms.Infrastructure.BackgroundJobs.RecurringBackgroundJobHostedServiceRunner","ProcessId":22828,"ProcessName":"iisexpress","ThreadId":1,"ApplicationId":"9f7c6a500e56b027d20d092f03305e7fa5336738","MachineName":"MOHAMED-HHOSNY","Log4NetLevel":"INFO "}
{"@t":"2025-06-18T07:13:14.5855177Z","@mt":"Starting background hosted service for {job}","job":"HealthCheckNotifierJob","SourceContext":"Umbraco.Cms.Infrastructure.BackgroundJobs.RecurringBackgroundJobHostedServiceRunner","ProcessId":22828,"ProcessName":"iisexpress","ThreadId":1,"ApplicationId":"9f7c6a500e56b027d20d092f03305e7fa5336738","MachineName":"MOHAMED-HHOSNY","Log4NetLevel":"INFO "}
{"@t":"2025-06-18T07:13:14.5933635Z","@mt":"Starting background hosted service for {job}","job":"KeepAliveJob","SourceContext":"Umbraco.Cms.Infrastructure.BackgroundJobs.RecurringBackgroundJobHostedServiceRunner","ProcessId":22828,"ProcessName":"iisexpress","ThreadId":1,"ApplicationId":"9f7c6a500e56b027d20d092f03305e7fa5336738","MachineName":"MOHAMED-HHOSNY","Log4NetLevel":"INFO "}
{"@t":"2025-06-18T07:13:14.5938544Z","@mt":"Starting background hosted service for {job}","job":"LogScrubberJob","SourceContext":"Umbraco.Cms.Infrastructure.BackgroundJobs.RecurringBackgroundJobHostedServiceRunner","ProcessId":22828,"ProcessName":"iisexpress","ThreadId":1,"ApplicationId":"9f7c6a500e56b027d20d092f03305e7fa5336738","MachineName":"MOHAMED-HHOSNY","Log4NetLevel":"INFO "}
{"@t":"2025-06-18T07:13:14.5941646Z","@mt":"Starting background hosted service for {job}","job":"ContentVersionCleanupJob","SourceContext":"Umbraco.Cms.Infrastructure.BackgroundJobs.RecurringBackgroundJobHostedServiceRunner","ProcessId":22828,"ProcessName":"iisexpress","ThreadId":1,"ApplicationId":"9f7c6a500e56b027d20d092f03305e7fa5336738","MachineName":"MOHAMED-HHOSNY","Log4NetLevel":"INFO "}
{"@t":"2025-06-18T07:13:14.5945338Z","@mt":"Starting background hosted service for {job}","job":"ScheduledPublishingJob","SourceContext":"Umbraco.Cms.Infrastructure.BackgroundJobs.RecurringBackgroundJobHostedServiceRunner","ProcessId":22828,"ProcessName":"iisexpress","ThreadId":1,"ApplicationId":"9f7c6a500e56b027d20d092f03305e7fa5336738","MachineName":"MOHAMED-HHOSNY","Log4NetLevel":"INFO "}
{"@t":"2025-06-18T07:13:14.5948377Z","@mt":"Starting background hosted service for {job}","job":"TempFileCleanupJob","SourceContext":"Umbraco.Cms.Infrastructure.BackgroundJobs.RecurringBackgroundJobHostedServiceRunner","ProcessId":22828,"ProcessName":"iisexpress","ThreadId":1,"ApplicationId":"9f7c6a500e56b027d20d092f03305e7fa5336738","MachineName":"MOHAMED-HHOSNY","Log4NetLevel":"INFO "}
{"@t":"2025-06-18T07:13:14.5952622Z","@mt":"Starting background hosted service for {job}","job":"InstructionProcessJob","SourceContext":"Umbraco.Cms.Infrastructure.BackgroundJobs.RecurringBackgroundJobHostedServiceRunner","ProcessId":22828,"ProcessName":"iisexpress","ThreadId":1,"ApplicationId":"9f7c6a500e56b027d20d092f03305e7fa5336738","MachineName":"MOHAMED-HHOSNY","Log4NetLevel":"INFO "}
{"@t":"2025-06-18T07:13:14.5958570Z","@mt":"Starting background hosted service for {job}","job":"TouchServerJob","SourceContext":"Umbraco.Cms.Infrastructure.BackgroundJobs.RecurringBackgroundJobHostedServiceRunner","ProcessId":22828,"ProcessName":"iisexpress","ThreadId":1,"ApplicationId":"9f7c6a500e56b027d20d092f03305e7fa5336738","MachineName":"MOHAMED-HHOSNY","Log4NetLevel":"INFO "}
{"@t":"2025-06-18T07:13:14.5962994Z","@mt":"Starting background hosted service for {job}","job":"WebhookFiring","SourceContext":"Umbraco.Cms.Infrastructure.BackgroundJobs.RecurringBackgroundJobHostedServiceRunner","ProcessId":22828,"ProcessName":"iisexpress","ThreadId":1,"ApplicationId":"9f7c6a500e56b027d20d092f03305e7fa5336738","MachineName":"MOHAMED-HHOSNY","Log4NetLevel":"INFO "}
{"@t":"2025-06-18T07:13:14.5966818Z","@mt":"Starting background hosted service for {job}","job":"WebhookLoggingCleanup","SourceContext":"Umbraco.Cms.Infrastructure.BackgroundJobs.RecurringBackgroundJobHostedServiceRunner","ProcessId":22828,"ProcessName":"iisexpress","ThreadId":1,"ApplicationId":"9f7c6a500e56b027d20d092f03305e7fa5336738","MachineName":"MOHAMED-HHOSNY","Log4NetLevel":"INFO "}
{"@t":"2025-06-18T07:13:14.5970824Z","@mt":"Starting background hosted service for {job}","job":"ReportSiteJob","SourceContext":"Umbraco.Cms.Infrastructure.BackgroundJobs.RecurringBackgroundJobHostedServiceRunner","ProcessId":22828,"ProcessName":"iisexpress","ThreadId":1,"ApplicationId":"9f7c6a500e56b027d20d092f03305e7fa5336738","MachineName":"MOHAMED-HHOSNY","Log4NetLevel":"INFO "}
{"@t":"2025-06-18T07:13:14.5973137Z","@mt":"Completed starting recurring background jobs hosted services","SourceContext":"Umbraco.Cms.Infrastructure.BackgroundJobs.RecurringBackgroundJobHostedServiceRunner","ProcessId":22828,"ProcessName":"iisexpress","ThreadId":1,"ApplicationId":"9f7c6a500e56b027d20d092f03305e7fa5336738","MachineName":"MOHAMED-HHOSNY","Log4NetLevel":"INFO "}
{"@t":"2025-06-18T07:13:14.8495037Z","@mt":"Application started. Press Ctrl+C to shut down.","SourceContext":"Microsoft.Hosting.Lifetime","ProcessId":22828,"ProcessName":"iisexpress","ThreadId":1,"ApplicationId":"9f7c6a500e56b027d20d092f03305e7fa5336738","MachineName":"MOHAMED-HHOSNY","Log4NetLevel":"INFO "}
{"@t":"2025-06-18T07:13:14.8499518Z","@mt":"Hosting environment: {EnvName}","EnvName":"Development","SourceContext":"Microsoft.Hosting.Lifetime","ProcessId":22828,"ProcessName":"iisexpress","ThreadId":1,"ApplicationId":"9f7c6a500e56b027d20d092f03305e7fa5336738","MachineName":"MOHAMED-HHOSNY","Log4NetLevel":"INFO "}
{"@t":"2025-06-18T07:13:14.8500874Z","@mt":"Content root path: {ContentRoot}","ContentRoot":"D:\\Mohamed\\umbraco\\Umbraco_AutoComplete\\Umbraco_AutoComplete","SourceContext":"Microsoft.Hosting.Lifetime","ProcessId":22828,"ProcessName":"iisexpress","ThreadId":1,"ApplicationId":"9f7c6a500e56b027d20d092f03305e7fa5336738","MachineName":"MOHAMED-HHOSNY","Log4NetLevel":"INFO "}
{"@t":"2025-06-18T07:13:19.5398016Z","@mt":"Registered with MainDom, localContentDbExists? {LocalContentDbExists}, localMediaDbExists? {LocalMediaDbExists}","@tr":"0fd1036bdf0fe54cf0c2c3c6c8f94d99","@sp":"e24fd0d945fda542","LocalContentDbExists":true,"LocalMediaDbExists":true,"SourceContext":"Umbraco.Cms.Infrastructure.PublishedCache.PublishedSnapshotService","ActionId":"c611b347-ff5d-45d6-b70c-ed94962a11f2","ActionName":"Umbraco.Cms.Web.BackOffice.Controllers.ContentController.GetById (Umbraco.Web.BackOffice)","RequestId":"4000004e-0000-f200-b63f-84710c7967bb","RequestPath":"/umbraco/backoffice/umbracoapi/content/GetById","ProcessId":22828,"ProcessName":"iisexpress","ThreadId":4,"ApplicationId":"9f7c6a500e56b027d20d092f03305e7fa5336738","MachineName":"MOHAMED-HHOSNY","Log4NetLevel":"INFO ","HttpRequestId":"7bf253c9-8ba8-47ed-9a6e-236e008a8b6e","HttpRequestNumber":1,"HttpSessionId":"51b61ca0-dfda-b16c-c687-d2ebd66f76c9"}
{"@t":"2025-06-18T07:13:19.5422191Z","@mt":"Creating the content store, localContentDbExists? {LocalContentDbExists}","@tr":"0fd1036bdf0fe54cf0c2c3c6c8f94d99","@sp":"e24fd0d945fda542","LocalContentDbExists":true,"SourceContext":"Umbraco.Cms.Infrastructure.PublishedCache.PublishedSnapshotService","ActionId":"c611b347-ff5d-45d6-b70c-ed94962a11f2","ActionName":"Umbraco.Cms.Web.BackOffice.Controllers.ContentController.GetById (Umbraco.Web.BackOffice)","RequestId":"4000004e-0000-f200-b63f-84710c7967bb","RequestPath":"/umbraco/backoffice/umbracoapi/content/GetById","ProcessId":22828,"ProcessName":"iisexpress","ThreadId":4,"ApplicationId":"9f7c6a500e56b027d20d092f03305e7fa5336738","MachineName":"MOHAMED-HHOSNY","Log4NetLevel":"INFO ","HttpRequestId":"7bf253c9-8ba8-47ed-9a6e-236e008a8b6e","HttpRequestNumber":1,"HttpSessionId":"51b61ca0-dfda-b16c-c687-d2ebd66f76c9"}
{"@t":"2025-06-18T07:13:19.5446522Z","@mt":"Creating the media store, localMediaDbExists? {LocalMediaDbExists}","@tr":"0fd1036bdf0fe54cf0c2c3c6c8f94d99","@sp":"e24fd0d945fda542","LocalMediaDbExists":true,"SourceContext":"Umbraco.Cms.Infrastructure.PublishedCache.PublishedSnapshotService","ActionId":"c611b347-ff5d-45d6-b70c-ed94962a11f2","ActionName":"Umbraco.Cms.Web.BackOffice.Controllers.ContentController.GetById (Umbraco.Web.BackOffice)","RequestId":"4000004e-0000-f200-b63f-84710c7967bb","RequestPath":"/umbraco/backoffice/umbracoapi/content/GetById","ProcessId":22828,"ProcessName":"iisexpress","ThreadId":4,"ApplicationId":"9f7c6a500e56b027d20d092f03305e7fa5336738","MachineName":"MOHAMED-HHOSNY","Log4NetLevel":"INFO ","HttpRequestId":"7bf253c9-8ba8-47ed-9a6e-236e008a8b6e","HttpRequestNumber":1,"HttpSessionId":"51b61ca0-dfda-b16c-c687-d2ebd66f76c9"}
{"@t":"2025-06-18T07:13:19.5621106Z","@mt":"{StartMessage} [Timing {TimingId}]","@tr":"0fd1036bdf0fe54cf0c2c3c6c8f94d99","@sp":"e24fd0d945fda542","StartMessage":"Loading content from local cache file","TimingId":"5ea95a0","SourceContext":"Umbraco.Cms.Core.Logging.ProfilingLogger","ActionId":"c611b347-ff5d-45d6-b70c-ed94962a11f2","ActionName":"Umbraco.Cms.Web.BackOffice.Controllers.ContentController.GetById (Umbraco.Web.BackOffice)","RequestId":"4000004e-0000-f200-b63f-84710c7967bb","RequestPath":"/umbraco/backoffice/umbracoapi/content/GetById","ProcessId":22828,"ProcessName":"iisexpress","ThreadId":4,"ApplicationId":"9f7c6a500e56b027d20d092f03305e7fa5336738","MachineName":"MOHAMED-HHOSNY","Log4NetLevel":"INFO ","HttpRequestId":"7bf253c9-8ba8-47ed-9a6e-236e008a8b6e","HttpRequestNumber":1,"HttpSessionId":"51b61ca0-dfda-b16c-c687-d2ebd66f76c9"}
{"@t":"2025-06-18T07:13:19.5894488Z","@mt":"{EndMessage} ({Duration}ms) [Timing {TimingId}]","@tr":"0fd1036bdf0fe54cf0c2c3c6c8f94d99","@sp":"e24fd0d945fda542","EndMessage":"Completed.","Duration":27,"TimingId":"5ea95a0","SourceContext":"Umbraco.Cms.Core.Logging.ProfilingLogger","ActionId":"c611b347-ff5d-45d6-b70c-ed94962a11f2","ActionName":"Umbraco.Cms.Web.BackOffice.Controllers.ContentController.GetById (Umbraco.Web.BackOffice)","RequestId":"4000004e-0000-f200-b63f-84710c7967bb","RequestPath":"/umbraco/backoffice/umbracoapi/content/GetById","ProcessId":22828,"ProcessName":"iisexpress","ThreadId":4,"ApplicationId":"9f7c6a500e56b027d20d092f03305e7fa5336738","MachineName":"MOHAMED-HHOSNY","Log4NetLevel":"INFO ","HttpRequestId":"7bf253c9-8ba8-47ed-9a6e-236e008a8b6e","HttpRequestNumber":1,"HttpSessionId":"51b61ca0-dfda-b16c-c687-d2ebd66f76c9"}
{"@t":"2025-06-18T07:13:19.5980378Z","@mt":"{StartMessage} [Timing {TimingId}]","@tr":"0fd1036bdf0fe54cf0c2c3c6c8f94d99","@sp":"e24fd0d945fda542","StartMessage":"Loading media from local cache file","TimingId":"530ae7c","SourceContext":"Umbraco.Cms.Core.Logging.ProfilingLogger","ActionId":"c611b347-ff5d-45d6-b70c-ed94962a11f2","ActionName":"Umbraco.Cms.Web.BackOffice.Controllers.ContentController.GetById (Umbraco.Web.BackOffice)","RequestId":"4000004e-0000-f200-b63f-84710c7967bb","RequestPath":"/umbraco/backoffice/umbracoapi/content/GetById","ProcessId":22828,"ProcessName":"iisexpress","ThreadId":4,"ApplicationId":"9f7c6a500e56b027d20d092f03305e7fa5336738","MachineName":"MOHAMED-HHOSNY","Log4NetLevel":"INFO ","HttpRequestId":"7bf253c9-8ba8-47ed-9a6e-236e008a8b6e","HttpRequestNumber":1,"HttpSessionId":"51b61ca0-dfda-b16c-c687-d2ebd66f76c9"}
{"@t":"2025-06-18T07:13:19.5986694Z","@mt":"Tried to load {entityType} from the local cache file but it was empty.","@tr":"0fd1036bdf0fe54cf0c2c3c6c8f94d99","@sp":"e24fd0d945fda542","entityType":"media","SourceContext":"Umbraco.Cms.Infrastructure.PublishedCache.PublishedSnapshotService","ActionId":"c611b347-ff5d-45d6-b70c-ed94962a11f2","ActionName":"Umbraco.Cms.Web.BackOffice.Controllers.ContentController.GetById (Umbraco.Web.BackOffice)","RequestId":"4000004e-0000-f200-b63f-84710c7967bb","RequestPath":"/umbraco/backoffice/umbracoapi/content/GetById","ProcessId":22828,"ProcessName":"iisexpress","ThreadId":4,"ApplicationId":"9f7c6a500e56b027d20d092f03305e7fa5336738","MachineName":"MOHAMED-HHOSNY","Log4NetLevel":"INFO ","HttpRequestId":"7bf253c9-8ba8-47ed-9a6e-236e008a8b6e","HttpRequestNumber":1,"HttpSessionId":"51b61ca0-dfda-b16c-c687-d2ebd66f76c9"}
{"@t":"2025-06-18T07:13:19.5987676Z","@mt":"{EndMessage} ({Duration}ms) [Timing {TimingId}]","@tr":"0fd1036bdf0fe54cf0c2c3c6c8f94d99","@sp":"e24fd0d945fda542","EndMessage":"Completed.","Duration":0,"TimingId":"530ae7c","SourceContext":"Umbraco.Cms.Core.Logging.ProfilingLogger","ActionId":"c611b347-ff5d-45d6-b70c-ed94962a11f2","ActionName":"Umbraco.Cms.Web.BackOffice.Controllers.ContentController.GetById (Umbraco.Web.BackOffice)","RequestId":"4000004e-0000-f200-b63f-84710c7967bb","RequestPath":"/umbraco/backoffice/umbracoapi/content/GetById","ProcessId":22828,"ProcessName":"iisexpress","ThreadId":4,"ApplicationId":"9f7c6a500e56b027d20d092f03305e7fa5336738","MachineName":"MOHAMED-HHOSNY","Log4NetLevel":"INFO ","HttpRequestId":"7bf253c9-8ba8-47ed-9a6e-236e008a8b6e","HttpRequestNumber":1,"HttpSessionId":"51b61ca0-dfda-b16c-c687-d2ebd66f76c9"}
{"@t":"2025-06-18T07:13:19.5988523Z","@mt":"Loading media from local db raised warnings, will reload from database.","@l":"Warning","@tr":"0fd1036bdf0fe54cf0c2c3c6c8f94d99","@sp":"e24fd0d945fda542","SourceContext":"Umbraco.Cms.Infrastructure.PublishedCache.PublishedSnapshotService","ActionId":"c611b347-ff5d-45d6-b70c-ed94962a11f2","ActionName":"Umbraco.Cms.Web.BackOffice.Controllers.ContentController.GetById (Umbraco.Web.BackOffice)","RequestId":"4000004e-0000-f200-b63f-84710c7967bb","RequestPath":"/umbraco/backoffice/umbracoapi/content/GetById","ProcessId":22828,"ProcessName":"iisexpress","ThreadId":4,"ApplicationId":"9f7c6a500e56b027d20d092f03305e7fa5336738","MachineName":"MOHAMED-HHOSNY","Log4NetLevel":"WARN ","HttpRequestId":"7bf253c9-8ba8-47ed-9a6e-236e008a8b6e","HttpRequestNumber":1,"HttpSessionId":"51b61ca0-dfda-b16c-c687-d2ebd66f76c9"}
{"@t":"2025-06-18T07:13:19.6024175Z","@mt":"{StartMessage} [Timing {TimingId}]","@tr":"0fd1036bdf0fe54cf0c2c3c6c8f94d99","@sp":"e24fd0d945fda542","StartMessage":"Loading media from database","TimingId":"62553e9","SourceContext":"Umbraco.Cms.Core.Logging.ProfilingLogger","ActionId":"c611b347-ff5d-45d6-b70c-ed94962a11f2","ActionName":"Umbraco.Cms.Web.BackOffice.Controllers.ContentController.GetById (Umbraco.Web.BackOffice)","RequestId":"4000004e-0000-f200-b63f-84710c7967bb","RequestPath":"/umbraco/backoffice/umbracoapi/content/GetById","ProcessId":22828,"ProcessName":"iisexpress","ThreadId":4,"ApplicationId":"9f7c6a500e56b027d20d092f03305e7fa5336738","MachineName":"MOHAMED-HHOSNY","Log4NetLevel":"INFO ","HttpRequestId":"7bf253c9-8ba8-47ed-9a6e-236e008a8b6e","HttpRequestNumber":1,"HttpSessionId":"51b61ca0-dfda-b16c-c687-d2ebd66f76c9"}
{"@t":"2025-06-18T07:13:19.7053222Z","@mt":"{EndMessage} ({Duration}ms) [Timing {TimingId}]","@tr":"0fd1036bdf0fe54cf0c2c3c6c8f94d99","@sp":"e24fd0d945fda542","EndMessage":"Completed.","Duration":102,"TimingId":"62553e9","SourceContext":"Umbraco.Cms.Core.Logging.ProfilingLogger","ActionId":"c611b347-ff5d-45d6-b70c-ed94962a11f2","ActionName":"Umbraco.Cms.Web.BackOffice.Controllers.ContentController.GetById (Umbraco.Web.BackOffice)","RequestId":"4000004e-0000-f200-b63f-84710c7967bb","RequestPath":"/umbraco/backoffice/umbracoapi/content/GetById","ProcessId":22828,"ProcessName":"iisexpress","ThreadId":4,"ApplicationId":"9f7c6a500e56b027d20d092f03305e7fa5336738","MachineName":"MOHAMED-HHOSNY","Log4NetLevel":"INFO ","HttpRequestId":"7bf253c9-8ba8-47ed-9a6e-236e008a8b6e","HttpRequestNumber":1,"HttpSessionId":"51b61ca0-dfda-b16c-c687-d2ebd66f76c9"}
{"@t":"2025-06-18T07:14:15.2944341Z","@mt":"The Delivery API is not enabled, no indexing will performed for the Delivery API content index.","SourceContext":"Umbraco.Cms.Infrastructure.Examine.DeliveryApiContentIndexPopulator","ProcessId":22828,"ProcessName":"iisexpress","ThreadId":7,"ApplicationId":"9f7c6a500e56b027d20d092f03305e7fa5336738","MachineName":"MOHAMED-HHOSNY","Log4NetLevel":"INFO "}
{"@t":"2025-06-18T07:22:09.8821107Z","@mt":"Document {ContentName} (id={ContentId}) has been published.","@tr":"0e2c0fc69b7bf4eade081e58dd4f7845","@sp":"26444bcf57a6f34e","ContentName":"sdsd","ContentId":1059,"SourceContext":"Umbraco.Cms.Core.Services.ContentService","ActionId":"fa31365f-593a-4530-a862-c7405f122ca6","ActionName":"Umbraco.Cms.Web.BackOffice.Controllers.ContentController.PostSave (Umbraco.Web.BackOffice)","RequestId":"4000001c-0000-f100-b63f-84710c7967bb","RequestPath":"/umbraco/backoffice/umbracoapi/content/PostSave","ProcessId":22828,"ProcessName":"iisexpress","ThreadId":41,"ApplicationId":"9f7c6a500e56b027d20d092f03305e7fa5336738","MachineName":"MOHAMED-HHOSNY","Log4NetLevel":"INFO ","HttpRequestId":"a1db42e2-6865-4a5e-828e-96658eb68a58","HttpRequestNumber":2,"HttpSessionId":"98937178-b6ce-8757-bdd2-e2677837afd5"}
{"@t":"2025-06-18T07:22:10.2008767Z","@mt":"Adding examine event handlers for {RegisteredIndexers} index providers.","@tr":"0e2c0fc69b7bf4eade081e58dd4f7845","@sp":"26444bcf57a6f34e","RegisteredIndexers":3,"SourceContext":"Umbraco.Cms.Infrastructure.Examine.ExamineUmbracoIndexingHandler","ActionId":"fa31365f-593a-4530-a862-c7405f122ca6","ActionName":"Umbraco.Cms.Web.BackOffice.Controllers.ContentController.PostSave (Umbraco.Web.BackOffice)","RequestId":"4000001c-0000-f100-b63f-84710c7967bb","RequestPath":"/umbraco/backoffice/umbracoapi/content/PostSave","ProcessId":22828,"ProcessName":"iisexpress","ThreadId":41,"ApplicationId":"9f7c6a500e56b027d20d092f03305e7fa5336738","MachineName":"MOHAMED-HHOSNY","Log4NetLevel":"INFO ","HttpRequestId":"a1db42e2-6865-4a5e-828e-96658eb68a58","HttpRequestNumber":2,"HttpSessionId":"98937178-b6ce-8757-bdd2-e2677837afd5"}
{"@t":"2025-06-18T07:22:44.4741041Z","@mt":"{StartMessage} [Timing {TimingId}]","@tr":"18822853d27994b740234568dc14ccb2","@sp":"afeb7167d4152db3","StartMessage":"Loading content from database","TimingId":"1b69434","SourceContext":"Umbraco.Cms.Core.Logging.ProfilingLogger","ActionId":"a521e715-8b0c-4fdf-8bd7-9aa9ac3c66b8","ActionName":"Umbraco.Cms.Web.BackOffice.Controllers.ContentTypeController.PostSave (Umbraco.Web.BackOffice)","RequestId":"40000141-0005-f300-b63f-84710c7967bb","RequestPath":"/umbraco/backoffice/umbracoapi/contenttype/PostSave","ProcessId":22828,"ProcessName":"iisexpress","ThreadId":50,"ApplicationId":"9f7c6a500e56b027d20d092f03305e7fa5336738","MachineName":"MOHAMED-HHOSNY","Log4NetLevel":"INFO ","HttpRequestId":"20d73055-b87b-4bdc-b102-6f66c7fad6ee","HttpRequestNumber":3,"HttpSessionId":"7995b051-df32-5889-6df7-1cc9fd7aa0c5"}
{"@t":"2025-06-18T07:22:44.4982622Z","@mt":"{EndMessage} ({Duration}ms) [Timing {TimingId}]","@tr":"18822853d27994b740234568dc14ccb2","@sp":"afeb7167d4152db3","EndMessage":"Completed.","Duration":24,"TimingId":"1b69434","SourceContext":"Umbraco.Cms.Core.Logging.ProfilingLogger","ActionId":"a521e715-8b0c-4fdf-8bd7-9aa9ac3c66b8","ActionName":"Umbraco.Cms.Web.BackOffice.Controllers.ContentTypeController.PostSave (Umbraco.Web.BackOffice)","RequestId":"40000141-0005-f300-b63f-84710c7967bb","RequestPath":"/umbraco/backoffice/umbracoapi/contenttype/PostSave","ProcessId":22828,"ProcessName":"iisexpress","ThreadId":50,"ApplicationId":"9f7c6a500e56b027d20d092f03305e7fa5336738","MachineName":"MOHAMED-HHOSNY","Log4NetLevel":"INFO ","HttpRequestId":"20d73055-b87b-4bdc-b102-6f66c7fad6ee","HttpRequestNumber":3,"HttpSessionId":"7995b051-df32-5889-6df7-1cc9fd7aa0c5"}
{"@t":"2025-06-18T07:22:44.5006949Z","@mt":"{StartMessage} [Timing {TimingId}]","@tr":"18822853d27994b740234568dc14ccb2","@sp":"afeb7167d4152db3","StartMessage":"Loading media from database","TimingId":"4916657","SourceContext":"Umbraco.Cms.Core.Logging.ProfilingLogger","ActionId":"a521e715-8b0c-4fdf-8bd7-9aa9ac3c66b8","ActionName":"Umbraco.Cms.Web.BackOffice.Controllers.ContentTypeController.PostSave (Umbraco.Web.BackOffice)","RequestId":"40000141-0005-f300-b63f-84710c7967bb","RequestPath":"/umbraco/backoffice/umbracoapi/contenttype/PostSave","ProcessId":22828,"ProcessName":"iisexpress","ThreadId":50,"ApplicationId":"9f7c6a500e56b027d20d092f03305e7fa5336738","MachineName":"MOHAMED-HHOSNY","Log4NetLevel":"INFO ","HttpRequestId":"20d73055-b87b-4bdc-b102-6f66c7fad6ee","HttpRequestNumber":3,"HttpSessionId":"7995b051-df32-5889-6df7-1cc9fd7aa0c5"}
{"@t":"2025-06-18T07:22:44.5209496Z","@mt":"{EndMessage} ({Duration}ms) [Timing {TimingId}]","@tr":"18822853d27994b740234568dc14ccb2","@sp":"afeb7167d4152db3","EndMessage":"Completed.","Duration":20,"TimingId":"4916657","SourceContext":"Umbraco.Cms.Core.Logging.ProfilingLogger","ActionId":"a521e715-8b0c-4fdf-8bd7-9aa9ac3c66b8","ActionName":"Umbraco.Cms.Web.BackOffice.Controllers.ContentTypeController.PostSave (Umbraco.Web.BackOffice)","RequestId":"40000141-0005-f300-b63f-84710c7967bb","RequestPath":"/umbraco/backoffice/umbracoapi/contenttype/PostSave","ProcessId":22828,"ProcessName":"iisexpress","ThreadId":50,"ApplicationId":"9f7c6a500e56b027d20d092f03305e7fa5336738","MachineName":"MOHAMED-HHOSNY","Log4NetLevel":"INFO ","HttpRequestId":"20d73055-b87b-4bdc-b102-6f66c7fad6ee","HttpRequestNumber":3,"HttpSessionId":"7995b051-df32-5889-6df7-1cc9fd7aa0c5"}
{"@t":"2025-06-18T07:30:34.1773869Z","@mt":"Failed to parse manifest at '{Path}', ignoring.","@l":"Error","@x":"System.NullReferenceException: Object reference not set to an instance of an object.\r\n   at Umbraco.Cms.Core.Manifest.ManifestParser.ParseManifest(String text)\r\n   at Umbraco.Cms.Core.Manifest.ManifestParser.GetManifests()","@tr":"2df3e74ce65a497224a3aaaeb7a2b64d","@sp":"32eff073d18e1647","Path":"D:\\Mohamed\\umbraco\\Umbraco_AutoComplete\\Umbraco_AutoComplete\\wwwroot\\App_Plugins\\AIRichTextSuggest\\package.manifest","SourceContext":"Umbraco.Cms.Core.Manifest.ManifestParser","ActionId":"d1a6e436-227f-4ec7-9d89-c407ca1d615c","ActionName":"Umbraco.Cms.Web.BackOffice.Controllers.BackOfficeController.Application (Umbraco.Web.BackOffice)","RequestId":"4000013a-0006-f200-b63f-84710c7967bb","RequestPath":"/umbraco/Application","ProcessId":22828,"ProcessName":"iisexpress","ThreadId":50,"ApplicationId":"9f7c6a500e56b027d20d092f03305e7fa5336738","MachineName":"MOHAMED-HHOSNY","Log4NetLevel":"ERROR","HttpRequestId":"7f8e1865-c451-4b4c-acdd-92f6634fda40","HttpRequestNumber":4,"HttpSessionId":"5369ce23-0eda-d576-df68-08c88653974d"}
{"@t":"2025-06-18T07:35:22.8061620Z","@mt":"Acquiring MainDom.","SourceContext":"Umbraco.Cms.Core.Runtime.MainDom","ProcessId":44388,"ProcessName":"iisexpress","ThreadId":1,"ApplicationId":"9f7c6a500e56b027d20d092f03305e7fa5336738","MachineName":"MOHAMED-HHOSNY","Log4NetLevel":"INFO "}
{"@t":"2025-06-18T07:35:22.8156698Z","@mt":"Acquired MainDom.","SourceContext":"Umbraco.Cms.Core.Runtime.MainDom","ProcessId":44388,"ProcessName":"iisexpress","ThreadId":1,"ApplicationId":"9f7c6a500e56b027d20d092f03305e7fa5336738","MachineName":"MOHAMED-HHOSNY","Log4NetLevel":"INFO "}
{"@t":"2025-06-18T07:35:24.6443059Z","@mt":"Starting recurring background jobs hosted services","SourceContext":"Umbraco.Cms.Infrastructure.BackgroundJobs.RecurringBackgroundJobHostedServiceRunner","ProcessId":44388,"ProcessName":"iisexpress","ThreadId":1,"ApplicationId":"9f7c6a500e56b027d20d092f03305e7fa5336738","MachineName":"MOHAMED-HHOSNY","Log4NetLevel":"INFO "}
{"@t":"2025-06-18T07:35:24.6455303Z","@mt":"Starting background hosted service for {job}","job":"HealthCheckNotifierJob","SourceContext":"Umbraco.Cms.Infrastructure.BackgroundJobs.RecurringBackgroundJobHostedServiceRunner","ProcessId":44388,"ProcessName":"iisexpress","ThreadId":1,"ApplicationId":"9f7c6a500e56b027d20d092f03305e7fa5336738","MachineName":"MOHAMED-HHOSNY","Log4NetLevel":"INFO "}
{"@t":"2025-06-18T07:35:24.6527282Z","@mt":"Starting background hosted service for {job}","job":"KeepAliveJob","SourceContext":"Umbraco.Cms.Infrastructure.BackgroundJobs.RecurringBackgroundJobHostedServiceRunner","ProcessId":44388,"ProcessName":"iisexpress","ThreadId":1,"ApplicationId":"9f7c6a500e56b027d20d092f03305e7fa5336738","MachineName":"MOHAMED-HHOSNY","Log4NetLevel":"INFO "}
{"@t":"2025-06-18T07:35:24.6532646Z","@mt":"Starting background hosted service for {job}","job":"LogScrubberJob","SourceContext":"Umbraco.Cms.Infrastructure.BackgroundJobs.RecurringBackgroundJobHostedServiceRunner","ProcessId":44388,"ProcessName":"iisexpress","ThreadId":1,"ApplicationId":"9f7c6a500e56b027d20d092f03305e7fa5336738","MachineName":"MOHAMED-HHOSNY","Log4NetLevel":"INFO "}
{"@t":"2025-06-18T07:35:24.6537165Z","@mt":"Starting background hosted service for {job}","job":"ContentVersionCleanupJob","SourceContext":"Umbraco.Cms.Infrastructure.BackgroundJobs.RecurringBackgroundJobHostedServiceRunner","ProcessId":44388,"ProcessName":"iisexpress","ThreadId":1,"ApplicationId":"9f7c6a500e56b027d20d092f03305e7fa5336738","MachineName":"MOHAMED-HHOSNY","Log4NetLevel":"INFO "}
{"@t":"2025-06-18T07:35:24.6544887Z","@mt":"Starting background hosted service for {job}","job":"ScheduledPublishingJob","SourceContext":"Umbraco.Cms.Infrastructure.BackgroundJobs.RecurringBackgroundJobHostedServiceRunner","ProcessId":44388,"ProcessName":"iisexpress","ThreadId":1,"ApplicationId":"9f7c6a500e56b027d20d092f03305e7fa5336738","MachineName":"MOHAMED-HHOSNY","Log4NetLevel":"INFO "}
{"@t":"2025-06-18T07:35:24.6548733Z","@mt":"Starting background hosted service for {job}","job":"TempFileCleanupJob","SourceContext":"Umbraco.Cms.Infrastructure.BackgroundJobs.RecurringBackgroundJobHostedServiceRunner","ProcessId":44388,"ProcessName":"iisexpress","ThreadId":1,"ApplicationId":"9f7c6a500e56b027d20d092f03305e7fa5336738","MachineName":"MOHAMED-HHOSNY","Log4NetLevel":"INFO "}
{"@t":"2025-06-18T07:35:24.6553024Z","@mt":"Starting background hosted service for {job}","job":"InstructionProcessJob","SourceContext":"Umbraco.Cms.Infrastructure.BackgroundJobs.RecurringBackgroundJobHostedServiceRunner","ProcessId":44388,"ProcessName":"iisexpress","ThreadId":1,"ApplicationId":"9f7c6a500e56b027d20d092f03305e7fa5336738","MachineName":"MOHAMED-HHOSNY","Log4NetLevel":"INFO "}
{"@t":"2025-06-18T07:35:24.6558543Z","@mt":"Starting background hosted service for {job}","job":"TouchServerJob","SourceContext":"Umbraco.Cms.Infrastructure.BackgroundJobs.RecurringBackgroundJobHostedServiceRunner","ProcessId":44388,"ProcessName":"iisexpress","ThreadId":1,"ApplicationId":"9f7c6a500e56b027d20d092f03305e7fa5336738","MachineName":"MOHAMED-HHOSNY","Log4NetLevel":"INFO "}
{"@t":"2025-06-18T07:35:24.6562942Z","@mt":"Starting background hosted service for {job}","job":"WebhookFiring","SourceContext":"Umbraco.Cms.Infrastructure.BackgroundJobs.RecurringBackgroundJobHostedServiceRunner","ProcessId":44388,"ProcessName":"iisexpress","ThreadId":1,"ApplicationId":"9f7c6a500e56b027d20d092f03305e7fa5336738","MachineName":"MOHAMED-HHOSNY","Log4NetLevel":"INFO "}
{"@t":"2025-06-18T07:35:24.6566410Z","@mt":"Starting background hosted service for {job}","job":"WebhookLoggingCleanup","SourceContext":"Umbraco.Cms.Infrastructure.BackgroundJobs.RecurringBackgroundJobHostedServiceRunner","ProcessId":44388,"ProcessName":"iisexpress","ThreadId":1,"ApplicationId":"9f7c6a500e56b027d20d092f03305e7fa5336738","MachineName":"MOHAMED-HHOSNY","Log4NetLevel":"INFO "}
{"@t":"2025-06-18T07:35:24.6569896Z","@mt":"Starting background hosted service for {job}","job":"ReportSiteJob","SourceContext":"Umbraco.Cms.Infrastructure.BackgroundJobs.RecurringBackgroundJobHostedServiceRunner","ProcessId":44388,"ProcessName":"iisexpress","ThreadId":1,"ApplicationId":"9f7c6a500e56b027d20d092f03305e7fa5336738","MachineName":"MOHAMED-HHOSNY","Log4NetLevel":"INFO "}
{"@t":"2025-06-18T07:35:24.6572094Z","@mt":"Completed starting recurring background jobs hosted services","SourceContext":"Umbraco.Cms.Infrastructure.BackgroundJobs.RecurringBackgroundJobHostedServiceRunner","ProcessId":44388,"ProcessName":"iisexpress","ThreadId":1,"ApplicationId":"9f7c6a500e56b027d20d092f03305e7fa5336738","MachineName":"MOHAMED-HHOSNY","Log4NetLevel":"INFO "}
{"@t":"2025-06-18T07:35:24.8686646Z","@mt":"Application started. Press Ctrl+C to shut down.","SourceContext":"Microsoft.Hosting.Lifetime","ProcessId":44388,"ProcessName":"iisexpress","ThreadId":1,"ApplicationId":"9f7c6a500e56b027d20d092f03305e7fa5336738","MachineName":"MOHAMED-HHOSNY","Log4NetLevel":"INFO "}
{"@t":"2025-06-18T07:35:24.8687590Z","@mt":"Hosting environment: {EnvName}","EnvName":"Development","SourceContext":"Microsoft.Hosting.Lifetime","ProcessId":44388,"ProcessName":"iisexpress","ThreadId":1,"ApplicationId":"9f7c6a500e56b027d20d092f03305e7fa5336738","MachineName":"MOHAMED-HHOSNY","Log4NetLevel":"INFO "}
{"@t":"2025-06-18T07:35:24.8688539Z","@mt":"Content root path: {ContentRoot}","ContentRoot":"D:\\Mohamed\\umbraco\\Umbraco_AutoComplete\\Umbraco_AutoComplete","SourceContext":"Microsoft.Hosting.Lifetime","ProcessId":44388,"ProcessName":"iisexpress","ThreadId":1,"ApplicationId":"9f7c6a500e56b027d20d092f03305e7fa5336738","MachineName":"MOHAMED-HHOSNY","Log4NetLevel":"INFO "}
{"@t":"2025-06-18T07:35:24.9758202Z","@mt":"Failed to parse manifest at '{Path}', ignoring.","@l":"Error","@x":"System.NullReferenceException: Object reference not set to an instance of an object.\r\n   at Umbraco.Cms.Core.Manifest.ManifestParser.ParseManifest(String text)\r\n   at Umbraco.Cms.Core.Manifest.ManifestParser.GetManifests()","Path":"D:\\Mohamed\\umbraco\\Umbraco_AutoComplete\\Umbraco_AutoComplete\\wwwroot\\App_Plugins\\AIRichTextSuggest\\package.manifest","SourceContext":"Umbraco.Cms.Core.Manifest.ManifestParser","ProcessId":44388,"ProcessName":"iisexpress","ThreadId":1,"ApplicationId":"9f7c6a500e56b027d20d092f03305e7fa5336738","MachineName":"MOHAMED-HHOSNY","Log4NetLevel":"ERROR"}
{"@t":"2025-06-18T07:35:25.1997594Z","@mt":"Could not find an editor with alias {EditorAlias}, treating as Label. The site may fail to boot and/or load data types and run.","@l":"Warning","EditorAlias":"AIRichText.Suggest","SourceContext":"Umbraco.Cms.Core.Models.IDataType","ProcessId":44388,"ProcessName":"iisexpress","ThreadId":1,"ApplicationId":"9f7c6a500e56b027d20d092f03305e7fa5336738","MachineName":"MOHAMED-HHOSNY","Log4NetLevel":"WARN "}
{"@t":"2025-06-18T07:35:32.8860150Z","@mt":"Registered with MainDom, localContentDbExists? {LocalContentDbExists}, localMediaDbExists? {LocalMediaDbExists}","@tr":"4d39f899800d5b6ad8f1236beedc3ca3","@sp":"a46d36f43dc2d808","LocalContentDbExists":true,"LocalMediaDbExists":true,"SourceContext":"Umbraco.Cms.Infrastructure.PublishedCache.PublishedSnapshotService","ActionId":"dc6a9671-8f2f-47a6-9c44-e5e626de032d","ActionName":"Umbraco.Cms.Web.BackOffice.Controllers.ContentController.GetById (Umbraco.Web.BackOffice)","RequestId":"400000af-0004-f300-b63f-84710c7967bb","RequestPath":"/umbraco/backoffice/umbracoapi/content/GetById","ProcessId":44388,"ProcessName":"iisexpress","ThreadId":4,"ApplicationId":"9f7c6a500e56b027d20d092f03305e7fa5336738","MachineName":"MOHAMED-HHOSNY","Log4NetLevel":"INFO ","HttpRequestId":"e8e8a872-b53a-4f97-a3bd-4d3ceb556327","HttpRequestNumber":1,"HttpSessionId":"3e8103e4-8072-ce8c-6ebf-170547b0eb74"}
{"@t":"2025-06-18T07:35:32.8960559Z","@mt":"Creating the content store, localContentDbExists? {LocalContentDbExists}","@tr":"4d39f899800d5b6ad8f1236beedc3ca3","@sp":"a46d36f43dc2d808","LocalContentDbExists":true,"SourceContext":"Umbraco.Cms.Infrastructure.PublishedCache.PublishedSnapshotService","ActionId":"dc6a9671-8f2f-47a6-9c44-e5e626de032d","ActionName":"Umbraco.Cms.Web.BackOffice.Controllers.ContentController.GetById (Umbraco.Web.BackOffice)","RequestId":"400000af-0004-f300-b63f-84710c7967bb","RequestPath":"/umbraco/backoffice/umbracoapi/content/GetById","ProcessId":44388,"ProcessName":"iisexpress","ThreadId":4,"ApplicationId":"9f7c6a500e56b027d20d092f03305e7fa5336738","MachineName":"MOHAMED-HHOSNY","Log4NetLevel":"INFO ","HttpRequestId":"e8e8a872-b53a-4f97-a3bd-4d3ceb556327","HttpRequestNumber":1,"HttpSessionId":"3e8103e4-8072-ce8c-6ebf-170547b0eb74"}
{"@t":"2025-06-18T07:35:32.9087320Z","@mt":"Creating the media store, localMediaDbExists? {LocalMediaDbExists}","@tr":"4d39f899800d5b6ad8f1236beedc3ca3","@sp":"a46d36f43dc2d808","LocalMediaDbExists":true,"SourceContext":"Umbraco.Cms.Infrastructure.PublishedCache.PublishedSnapshotService","ActionId":"dc6a9671-8f2f-47a6-9c44-e5e626de032d","ActionName":"Umbraco.Cms.Web.BackOffice.Controllers.ContentController.GetById (Umbraco.Web.BackOffice)","RequestId":"400000af-0004-f300-b63f-84710c7967bb","RequestPath":"/umbraco/backoffice/umbracoapi/content/GetById","ProcessId":44388,"ProcessName":"iisexpress","ThreadId":4,"ApplicationId":"9f7c6a500e56b027d20d092f03305e7fa5336738","MachineName":"MOHAMED-HHOSNY","Log4NetLevel":"INFO ","HttpRequestId":"e8e8a872-b53a-4f97-a3bd-4d3ceb556327","HttpRequestNumber":1,"HttpSessionId":"3e8103e4-8072-ce8c-6ebf-170547b0eb74"}
{"@t":"2025-06-18T07:35:32.9846766Z","@mt":"{StartMessage} [Timing {TimingId}]","@tr":"4d39f899800d5b6ad8f1236beedc3ca3","@sp":"a46d36f43dc2d808","StartMessage":"Loading content from local cache file","TimingId":"b9c86c7","SourceContext":"Umbraco.Cms.Core.Logging.ProfilingLogger","ActionId":"dc6a9671-8f2f-47a6-9c44-e5e626de032d","ActionName":"Umbraco.Cms.Web.BackOffice.Controllers.ContentController.GetById (Umbraco.Web.BackOffice)","RequestId":"400000af-0004-f300-b63f-84710c7967bb","RequestPath":"/umbraco/backoffice/umbracoapi/content/GetById","ProcessId":44388,"ProcessName":"iisexpress","ThreadId":4,"ApplicationId":"9f7c6a500e56b027d20d092f03305e7fa5336738","MachineName":"MOHAMED-HHOSNY","Log4NetLevel":"INFO ","HttpRequestId":"e8e8a872-b53a-4f97-a3bd-4d3ceb556327","HttpRequestNumber":1,"HttpSessionId":"3e8103e4-8072-ce8c-6ebf-170547b0eb74"}
{"@t":"2025-06-18T07:35:33.0398980Z","@mt":"{EndMessage} ({Duration}ms) [Timing {TimingId}]","@tr":"4d39f899800d5b6ad8f1236beedc3ca3","@sp":"a46d36f43dc2d808","EndMessage":"Completed.","Duration":55,"TimingId":"b9c86c7","SourceContext":"Umbraco.Cms.Core.Logging.ProfilingLogger","ActionId":"dc6a9671-8f2f-47a6-9c44-e5e626de032d","ActionName":"Umbraco.Cms.Web.BackOffice.Controllers.ContentController.GetById (Umbraco.Web.BackOffice)","RequestId":"400000af-0004-f300-b63f-84710c7967bb","RequestPath":"/umbraco/backoffice/umbracoapi/content/GetById","ProcessId":44388,"ProcessName":"iisexpress","ThreadId":4,"ApplicationId":"9f7c6a500e56b027d20d092f03305e7fa5336738","MachineName":"MOHAMED-HHOSNY","Log4NetLevel":"INFO ","HttpRequestId":"e8e8a872-b53a-4f97-a3bd-4d3ceb556327","HttpRequestNumber":1,"HttpSessionId":"3e8103e4-8072-ce8c-6ebf-170547b0eb74"}
{"@t":"2025-06-18T07:35:33.0526349Z","@mt":"{StartMessage} [Timing {TimingId}]","@tr":"4d39f899800d5b6ad8f1236beedc3ca3","@sp":"a46d36f43dc2d808","StartMessage":"Loading media from local cache file","TimingId":"a22479f","SourceContext":"Umbraco.Cms.Core.Logging.ProfilingLogger","ActionId":"dc6a9671-8f2f-47a6-9c44-e5e626de032d","ActionName":"Umbraco.Cms.Web.BackOffice.Controllers.ContentController.GetById (Umbraco.Web.BackOffice)","RequestId":"400000af-0004-f300-b63f-84710c7967bb","RequestPath":"/umbraco/backoffice/umbracoapi/content/GetById","ProcessId":44388,"ProcessName":"iisexpress","ThreadId":4,"ApplicationId":"9f7c6a500e56b027d20d092f03305e7fa5336738","MachineName":"MOHAMED-HHOSNY","Log4NetLevel":"INFO ","HttpRequestId":"e8e8a872-b53a-4f97-a3bd-4d3ceb556327","HttpRequestNumber":1,"HttpSessionId":"3e8103e4-8072-ce8c-6ebf-170547b0eb74"}
{"@t":"2025-06-18T07:35:33.0537757Z","@mt":"Tried to load {entityType} from the local cache file but it was empty.","@tr":"4d39f899800d5b6ad8f1236beedc3ca3","@sp":"a46d36f43dc2d808","entityType":"media","SourceContext":"Umbraco.Cms.Infrastructure.PublishedCache.PublishedSnapshotService","ActionId":"dc6a9671-8f2f-47a6-9c44-e5e626de032d","ActionName":"Umbraco.Cms.Web.BackOffice.Controllers.ContentController.GetById (Umbraco.Web.BackOffice)","RequestId":"400000af-0004-f300-b63f-84710c7967bb","RequestPath":"/umbraco/backoffice/umbracoapi/content/GetById","ProcessId":44388,"ProcessName":"iisexpress","ThreadId":4,"ApplicationId":"9f7c6a500e56b027d20d092f03305e7fa5336738","MachineName":"MOHAMED-HHOSNY","Log4NetLevel":"INFO ","HttpRequestId":"e8e8a872-b53a-4f97-a3bd-4d3ceb556327","HttpRequestNumber":1,"HttpSessionId":"3e8103e4-8072-ce8c-6ebf-170547b0eb74"}
{"@t":"2025-06-18T07:35:33.0541064Z","@mt":"{EndMessage} ({Duration}ms) [Timing {TimingId}]","@tr":"4d39f899800d5b6ad8f1236beedc3ca3","@sp":"a46d36f43dc2d808","EndMessage":"Completed.","Duration":1,"TimingId":"a22479f","SourceContext":"Umbraco.Cms.Core.Logging.ProfilingLogger","ActionId":"dc6a9671-8f2f-47a6-9c44-e5e626de032d","ActionName":"Umbraco.Cms.Web.BackOffice.Controllers.ContentController.GetById (Umbraco.Web.BackOffice)","RequestId":"400000af-0004-f300-b63f-84710c7967bb","RequestPath":"/umbraco/backoffice/umbracoapi/content/GetById","ProcessId":44388,"ProcessName":"iisexpress","ThreadId":4,"ApplicationId":"9f7c6a500e56b027d20d092f03305e7fa5336738","MachineName":"MOHAMED-HHOSNY","Log4NetLevel":"INFO ","HttpRequestId":"e8e8a872-b53a-4f97-a3bd-4d3ceb556327","HttpRequestNumber":1,"HttpSessionId":"3e8103e4-8072-ce8c-6ebf-170547b0eb74"}
{"@t":"2025-06-18T07:35:33.0542728Z","@mt":"Loading media from local db raised warnings, will reload from database.","@l":"Warning","@tr":"4d39f899800d5b6ad8f1236beedc3ca3","@sp":"a46d36f43dc2d808","SourceContext":"Umbraco.Cms.Infrastructure.PublishedCache.PublishedSnapshotService","ActionId":"dc6a9671-8f2f-47a6-9c44-e5e626de032d","ActionName":"Umbraco.Cms.Web.BackOffice.Controllers.ContentController.GetById (Umbraco.Web.BackOffice)","RequestId":"400000af-0004-f300-b63f-84710c7967bb","RequestPath":"/umbraco/backoffice/umbracoapi/content/GetById","ProcessId":44388,"ProcessName":"iisexpress","ThreadId":4,"ApplicationId":"9f7c6a500e56b027d20d092f03305e7fa5336738","MachineName":"MOHAMED-HHOSNY","Log4NetLevel":"WARN ","HttpRequestId":"e8e8a872-b53a-4f97-a3bd-4d3ceb556327","HttpRequestNumber":1,"HttpSessionId":"3e8103e4-8072-ce8c-6ebf-170547b0eb74"}
{"@t":"2025-06-18T07:35:33.0580072Z","@mt":"{StartMessage} [Timing {TimingId}]","@tr":"4d39f899800d5b6ad8f1236beedc3ca3","@sp":"a46d36f43dc2d808","StartMessage":"Loading media from database","TimingId":"c786652","SourceContext":"Umbraco.Cms.Core.Logging.ProfilingLogger","ActionId":"dc6a9671-8f2f-47a6-9c44-e5e626de032d","ActionName":"Umbraco.Cms.Web.BackOffice.Controllers.ContentController.GetById (Umbraco.Web.BackOffice)","RequestId":"400000af-0004-f300-b63f-84710c7967bb","RequestPath":"/umbraco/backoffice/umbracoapi/content/GetById","ProcessId":44388,"ProcessName":"iisexpress","ThreadId":4,"ApplicationId":"9f7c6a500e56b027d20d092f03305e7fa5336738","MachineName":"MOHAMED-HHOSNY","Log4NetLevel":"INFO ","HttpRequestId":"e8e8a872-b53a-4f97-a3bd-4d3ceb556327","HttpRequestNumber":1,"HttpSessionId":"3e8103e4-8072-ce8c-6ebf-170547b0eb74"}
{"@t":"2025-06-18T07:35:33.2139573Z","@mt":"{EndMessage} ({Duration}ms) [Timing {TimingId}]","@tr":"4d39f899800d5b6ad8f1236beedc3ca3","@sp":"a46d36f43dc2d808","EndMessage":"Completed.","Duration":155,"TimingId":"c786652","SourceContext":"Umbraco.Cms.Core.Logging.ProfilingLogger","ActionId":"dc6a9671-8f2f-47a6-9c44-e5e626de032d","ActionName":"Umbraco.Cms.Web.BackOffice.Controllers.ContentController.GetById (Umbraco.Web.BackOffice)","RequestId":"400000af-0004-f300-b63f-84710c7967bb","RequestPath":"/umbraco/backoffice/umbracoapi/content/GetById","ProcessId":44388,"ProcessName":"iisexpress","ThreadId":4,"ApplicationId":"9f7c6a500e56b027d20d092f03305e7fa5336738","MachineName":"MOHAMED-HHOSNY","Log4NetLevel":"INFO ","HttpRequestId":"e8e8a872-b53a-4f97-a3bd-4d3ceb556327","HttpRequestNumber":1,"HttpSessionId":"3e8103e4-8072-ce8c-6ebf-170547b0eb74"}
{"@t":"2025-06-18T07:35:33.5162318Z","@mt":"No property editor '{PropertyEditorAlias}' found, converting to a Label","@l":"Error","@x":"System.NullReferenceException: The property editor with alias AIRichText.Suggest does not exist","@tr":"4d39f899800d5b6ad8f1236beedc3ca3","@sp":"a46d36f43dc2d808","PropertyEditorAlias":"AIRichText.Suggest","SourceContext":"Umbraco.Cms.Core.Models.Mapping.ContentPropertyDisplayMapper","ActionId":"dc6a9671-8f2f-47a6-9c44-e5e626de032d","ActionName":"Umbraco.Cms.Web.BackOffice.Controllers.ContentController.GetById (Umbraco.Web.BackOffice)","RequestId":"400000af-0004-f300-b63f-84710c7967bb","RequestPath":"/umbraco/backoffice/umbracoapi/content/GetById","ProcessId":44388,"ProcessName":"iisexpress","ThreadId":4,"ApplicationId":"9f7c6a500e56b027d20d092f03305e7fa5336738","MachineName":"MOHAMED-HHOSNY","Log4NetLevel":"ERROR","HttpRequestId":"e8e8a872-b53a-4f97-a3bd-4d3ceb556327","HttpRequestNumber":1,"HttpSessionId":"3e8103e4-8072-ce8c-6ebf-170547b0eb74"}
{"@t":"2025-06-18T07:36:25.3353430Z","@mt":"The Delivery API is not enabled, no indexing will performed for the Delivery API content index.","SourceContext":"Umbraco.Cms.Infrastructure.Examine.DeliveryApiContentIndexPopulator","ProcessId":44388,"ProcessName":"iisexpress","ThreadId":17,"ApplicationId":"9f7c6a500e56b027d20d092f03305e7fa5336738","MachineName":"MOHAMED-HHOSNY","Log4NetLevel":"INFO "}
{"@t":"2025-06-18T07:37:57.3031428Z","@mt":"No property editor '{PropertyEditorAlias}' found, converting to a Label","@l":"Error","@x":"System.NullReferenceException: The property editor with alias AIRichText.Suggest does not exist","@tr":"d16d2fd0af72f148f14b247f2e40e919","@sp":"8665ccfa4ae6d50f","PropertyEditorAlias":"AIRichText.Suggest","SourceContext":"Umbraco.Cms.Core.Models.Mapping.ContentPropertyDisplayMapper","ActionId":"dc6a9671-8f2f-47a6-9c44-e5e626de032d","ActionName":"Umbraco.Cms.Web.BackOffice.Controllers.ContentController.GetById (Umbraco.Web.BackOffice)","RequestId":"40000004-0006-eb00-b63f-84710c7967bb","RequestPath":"/umbraco/backoffice/umbracoapi/content/GetById","ProcessId":44388,"ProcessName":"iisexpress","ThreadId":32,"ApplicationId":"9f7c6a500e56b027d20d092f03305e7fa5336738","MachineName":"MOHAMED-HHOSNY","Log4NetLevel":"ERROR","HttpRequestId":"465404a8-9956-4bc5-b52b-2e34ce18cd60","HttpRequestNumber":2,"HttpSessionId":"915e025c-51ee-7c88-4527-6edddeb7fd11"}
{"@t":"2025-06-18T07:38:47.0519596Z","@mt":"No property editor '{PropertyEditorAlias}' found, converting to a Label","@l":"Error","@x":"System.NullReferenceException: The property editor with alias AIRichText.Suggest does not exist","@tr":"c523a7e63d9b315e7899961baaccc4e2","@sp":"c79c843b0d52def3","PropertyEditorAlias":"AIRichText.Suggest","SourceContext":"Umbraco.Cms.Core.Models.Mapping.ContentPropertyDtoMapper","ActionId":"4d323364-b511-4318-8215-f38a1f7f28fc","ActionName":"Umbraco.Cms.Web.BackOffice.Controllers.ContentController.PostSave (Umbraco.Web.BackOffice)","RequestId":"40000128-0007-fb00-b63f-84710c7967bb","RequestPath":"/umbraco/backoffice/umbracoapi/content/PostSave","ProcessId":44388,"ProcessName":"iisexpress","ThreadId":12,"ApplicationId":"9f7c6a500e56b027d20d092f03305e7fa5336738","MachineName":"MOHAMED-HHOSNY","Log4NetLevel":"ERROR","HttpRequestId":"55f723d0-0d0e-4e02-948d-8cd07796c1c1","HttpRequestNumber":3,"HttpSessionId":"f66a6a72-d23c-086f-64f1-b8d683e202cc"}
{"@t":"2025-06-18T07:38:47.1990490Z","@mt":"Document {ContentName} (id={ContentId}) has been published.","@tr":"c523a7e63d9b315e7899961baaccc4e2","@sp":"c79c843b0d52def3","ContentName":"sdsd","ContentId":1059,"SourceContext":"Umbraco.Cms.Core.Services.ContentService","ActionId":"4d323364-b511-4318-8215-f38a1f7f28fc","ActionName":"Umbraco.Cms.Web.BackOffice.Controllers.ContentController.PostSave (Umbraco.Web.BackOffice)","RequestId":"40000128-0007-fb00-b63f-84710c7967bb","RequestPath":"/umbraco/backoffice/umbracoapi/content/PostSave","ProcessId":44388,"ProcessName":"iisexpress","ThreadId":12,"ApplicationId":"9f7c6a500e56b027d20d092f03305e7fa5336738","MachineName":"MOHAMED-HHOSNY","Log4NetLevel":"INFO ","HttpRequestId":"55f723d0-0d0e-4e02-948d-8cd07796c1c1","HttpRequestNumber":3,"HttpSessionId":"f66a6a72-d23c-086f-64f1-b8d683e202cc"}
{"@t":"2025-06-18T07:38:47.4747271Z","@mt":"Adding examine event handlers for {RegisteredIndexers} index providers.","@tr":"c523a7e63d9b315e7899961baaccc4e2","@sp":"c79c843b0d52def3","RegisteredIndexers":3,"SourceContext":"Umbraco.Cms.Infrastructure.Examine.ExamineUmbracoIndexingHandler","ActionId":"4d323364-b511-4318-8215-f38a1f7f28fc","ActionName":"Umbraco.Cms.Web.BackOffice.Controllers.ContentController.PostSave (Umbraco.Web.BackOffice)","RequestId":"40000128-0007-fb00-b63f-84710c7967bb","RequestPath":"/umbraco/backoffice/umbracoapi/content/PostSave","ProcessId":44388,"ProcessName":"iisexpress","ThreadId":12,"ApplicationId":"9f7c6a500e56b027d20d092f03305e7fa5336738","MachineName":"MOHAMED-HHOSNY","Log4NetLevel":"INFO ","HttpRequestId":"55f723d0-0d0e-4e02-948d-8cd07796c1c1","HttpRequestNumber":3,"HttpSessionId":"f66a6a72-d23c-086f-64f1-b8d683e202cc"}
{"@t":"2025-06-18T07:38:47.5384292Z","@mt":"No property editor '{PropertyEditorAlias}' found, converting to a Label","@l":"Error","@x":"System.NullReferenceException: The property editor with alias AIRichText.Suggest does not exist","@tr":"c523a7e63d9b315e7899961baaccc4e2","@sp":"c79c843b0d52def3","PropertyEditorAlias":"AIRichText.Suggest","SourceContext":"Umbraco.Cms.Core.Models.Mapping.ContentPropertyDisplayMapper","ActionId":"4d323364-b511-4318-8215-f38a1f7f28fc","ActionName":"Umbraco.Cms.Web.BackOffice.Controllers.ContentController.PostSave (Umbraco.Web.BackOffice)","RequestId":"40000128-0007-fb00-b63f-84710c7967bb","RequestPath":"/umbraco/backoffice/umbracoapi/content/PostSave","ProcessId":44388,"ProcessName":"iisexpress","ThreadId":12,"ApplicationId":"9f7c6a500e56b027d20d092f03305e7fa5336738","MachineName":"MOHAMED-HHOSNY","Log4NetLevel":"ERROR","HttpRequestId":"55f723d0-0d0e-4e02-948d-8cd07796c1c1","HttpRequestNumber":3,"HttpSessionId":"f66a6a72-d23c-086f-64f1-b8d683e202cc"}
{"@t":"2025-06-18T07:38:54.3875399Z","@mt":"No property editor '{PropertyEditorAlias}' found, converting to a Label","@l":"Error","@x":"System.NullReferenceException: The property editor with alias AIRichText.Suggest does not exist","@tr":"56058f21bf4f82dc61c17cb291cde965","@sp":"d7c63cdcd5a4e543","PropertyEditorAlias":"AIRichText.Suggest","SourceContext":"Umbraco.Cms.Core.Models.Mapping.ContentPropertyDisplayMapper","ActionId":"dc6a9671-8f2f-47a6-9c44-e5e626de032d","ActionName":"Umbraco.Cms.Web.BackOffice.Controllers.ContentController.GetById (Umbraco.Web.BackOffice)","RequestId":"4000002a-0003-f000-b63f-84710c7967bb","RequestPath":"/umbraco/backoffice/umbracoapi/content/GetById","ProcessId":44388,"ProcessName":"iisexpress","ThreadId":45,"ApplicationId":"9f7c6a500e56b027d20d092f03305e7fa5336738","MachineName":"MOHAMED-HHOSNY","Log4NetLevel":"ERROR","HttpRequestId":"15d2598b-7bd5-444c-8701-d84fc500c6f3","HttpRequestNumber":4,"HttpSessionId":"18bc1e6e-16af-6b60-b9a5-8f25cf78fdee"}
{"@t":"2025-06-18T07:40:24.6869177Z","@mt":"Failed to parse manifest at '{Path}', ignoring.","@l":"Error","@x":"System.NullReferenceException: Object reference not set to an instance of an object.\r\n   at Umbraco.Cms.Core.Manifest.ManifestParser.ParseManifest(String text)\r\n   at Umbraco.Cms.Core.Manifest.ManifestParser.GetManifests()","Path":"D:\\Mohamed\\umbraco\\Umbraco_AutoComplete\\Umbraco_AutoComplete\\wwwroot\\App_Plugins\\AIRichTextSuggest\\package.manifest","SourceContext":"Umbraco.Cms.Core.Manifest.ManifestParser","ProcessId":44388,"ProcessName":"iisexpress","ThreadId":49,"ApplicationId":"9f7c6a500e56b027d20d092f03305e7fa5336738","MachineName":"MOHAMED-HHOSNY","Log4NetLevel":"ERROR"}
