{"@t":"2025-06-17T11:19:16.1980654Z","@mt":"Acquiring MainDom.","SourceContext":"Umbraco.Cms.Core.Runtime.MainDom","ProcessId":34708,"ProcessName":"iisexpress","ThreadId":1,"ApplicationId":"9f7c6a500e56b027d20d092f03305e7fa5336738","MachineName":"MOHAMED-HHOSNY","Log4NetLevel":"INFO "}
{"@t":"2025-06-17T11:19:16.2132097Z","@mt":"Acquired MainDom.","SourceContext":"Umbraco.Cms.Core.Runtime.MainDom","ProcessId":34708,"ProcessName":"iisexpress","ThreadId":1,"ApplicationId":"9f7c6a500e56b027d20d092f03305e7fa5336738","MachineName":"MOHAMED-HHOSNY","Log4NetLevel":"INFO "}
{"@t":"2025-06-17T11:19:18.7908200Z","@mt":"Starting recurring background jobs hosted services","SourceContext":"Umbraco.Cms.Infrastructure.BackgroundJobs.RecurringBackgroundJobHostedServiceRunner","ProcessId":34708,"ProcessName":"iisexpress","ThreadId":1,"ApplicationId":"9f7c6a500e56b027d20d092f03305e7fa5336738","MachineName":"MOHAMED-HHOSNY","Log4NetLevel":"INFO "}
{"@t":"2025-06-17T11:19:18.7923999Z","@mt":"Starting background hosted service for {job}","job":"HealthCheckNotifierJob","SourceContext":"Umbraco.Cms.Infrastructure.BackgroundJobs.RecurringBackgroundJobHostedServiceRunner","ProcessId":34708,"ProcessName":"iisexpress","ThreadId":1,"ApplicationId":"9f7c6a500e56b027d20d092f03305e7fa5336738","MachineName":"MOHAMED-HHOSNY","Log4NetLevel":"INFO "}
{"@t":"2025-06-17T11:19:18.7996342Z","@mt":"Starting background hosted service for {job}","job":"KeepAliveJob","SourceContext":"Umbraco.Cms.Infrastructure.BackgroundJobs.RecurringBackgroundJobHostedServiceRunner","ProcessId":34708,"ProcessName":"iisexpress","ThreadId":1,"ApplicationId":"9f7c6a500e56b027d20d092f03305e7fa5336738","MachineName":"MOHAMED-HHOSNY","Log4NetLevel":"INFO "}
{"@t":"2025-06-17T11:19:18.8010104Z","@mt":"Starting background hosted service for {job}","job":"LogScrubberJob","SourceContext":"Umbraco.Cms.Infrastructure.BackgroundJobs.RecurringBackgroundJobHostedServiceRunner","ProcessId":34708,"ProcessName":"iisexpress","ThreadId":1,"ApplicationId":"9f7c6a500e56b027d20d092f03305e7fa5336738","MachineName":"MOHAMED-HHOSNY","Log4NetLevel":"INFO "}
{"@t":"2025-06-17T11:19:18.8016445Z","@mt":"Starting background hosted service for {job}","job":"ContentVersionCleanupJob","SourceContext":"Umbraco.Cms.Infrastructure.BackgroundJobs.RecurringBackgroundJobHostedServiceRunner","ProcessId":34708,"ProcessName":"iisexpress","ThreadId":1,"ApplicationId":"9f7c6a500e56b027d20d092f03305e7fa5336738","MachineName":"MOHAMED-HHOSNY","Log4NetLevel":"INFO "}
{"@t":"2025-06-17T11:19:18.8021963Z","@mt":"Starting background hosted service for {job}","job":"ScheduledPublishingJob","SourceContext":"Umbraco.Cms.Infrastructure.BackgroundJobs.RecurringBackgroundJobHostedServiceRunner","ProcessId":34708,"ProcessName":"iisexpress","ThreadId":1,"ApplicationId":"9f7c6a500e56b027d20d092f03305e7fa5336738","MachineName":"MOHAMED-HHOSNY","Log4NetLevel":"INFO "}
{"@t":"2025-06-17T11:19:18.8027291Z","@mt":"Starting background hosted service for {job}","job":"TempFileCleanupJob","SourceContext":"Umbraco.Cms.Infrastructure.BackgroundJobs.RecurringBackgroundJobHostedServiceRunner","ProcessId":34708,"ProcessName":"iisexpress","ThreadId":1,"ApplicationId":"9f7c6a500e56b027d20d092f03305e7fa5336738","MachineName":"MOHAMED-HHOSNY","Log4NetLevel":"INFO "}
{"@t":"2025-06-17T11:19:18.8034005Z","@mt":"Starting background hosted service for {job}","job":"InstructionProcessJob","SourceContext":"Umbraco.Cms.Infrastructure.BackgroundJobs.RecurringBackgroundJobHostedServiceRunner","ProcessId":34708,"ProcessName":"iisexpress","ThreadId":1,"ApplicationId":"9f7c6a500e56b027d20d092f03305e7fa5336738","MachineName":"MOHAMED-HHOSNY","Log4NetLevel":"INFO "}
{"@t":"2025-06-17T11:19:18.8042445Z","@mt":"Starting background hosted service for {job}","job":"TouchServerJob","SourceContext":"Umbraco.Cms.Infrastructure.BackgroundJobs.RecurringBackgroundJobHostedServiceRunner","ProcessId":34708,"ProcessName":"iisexpress","ThreadId":1,"ApplicationId":"9f7c6a500e56b027d20d092f03305e7fa5336738","MachineName":"MOHAMED-HHOSNY","Log4NetLevel":"INFO "}
{"@t":"2025-06-17T11:19:18.8047080Z","@mt":"Starting background hosted service for {job}","job":"WebhookFiring","SourceContext":"Umbraco.Cms.Infrastructure.BackgroundJobs.RecurringBackgroundJobHostedServiceRunner","ProcessId":34708,"ProcessName":"iisexpress","ThreadId":1,"ApplicationId":"9f7c6a500e56b027d20d092f03305e7fa5336738","MachineName":"MOHAMED-HHOSNY","Log4NetLevel":"INFO "}
{"@t":"2025-06-17T11:19:18.8050872Z","@mt":"Starting background hosted service for {job}","job":"WebhookLoggingCleanup","SourceContext":"Umbraco.Cms.Infrastructure.BackgroundJobs.RecurringBackgroundJobHostedServiceRunner","ProcessId":34708,"ProcessName":"iisexpress","ThreadId":1,"ApplicationId":"9f7c6a500e56b027d20d092f03305e7fa5336738","MachineName":"MOHAMED-HHOSNY","Log4NetLevel":"INFO "}
{"@t":"2025-06-17T11:19:18.8054303Z","@mt":"Starting background hosted service for {job}","job":"ReportSiteJob","SourceContext":"Umbraco.Cms.Infrastructure.BackgroundJobs.RecurringBackgroundJobHostedServiceRunner","ProcessId":34708,"ProcessName":"iisexpress","ThreadId":1,"ApplicationId":"9f7c6a500e56b027d20d092f03305e7fa5336738","MachineName":"MOHAMED-HHOSNY","Log4NetLevel":"INFO "}
{"@t":"2025-06-17T11:19:18.8056821Z","@mt":"Completed starting recurring background jobs hosted services","SourceContext":"Umbraco.Cms.Infrastructure.BackgroundJobs.RecurringBackgroundJobHostedServiceRunner","ProcessId":34708,"ProcessName":"iisexpress","ThreadId":1,"ApplicationId":"9f7c6a500e56b027d20d092f03305e7fa5336738","MachineName":"MOHAMED-HHOSNY","Log4NetLevel":"INFO "}
{"@t":"2025-06-17T11:19:19.1538941Z","@mt":"Application started. Press Ctrl+C to shut down.","SourceContext":"Microsoft.Hosting.Lifetime","ProcessId":34708,"ProcessName":"iisexpress","ThreadId":1,"ApplicationId":"9f7c6a500e56b027d20d092f03305e7fa5336738","MachineName":"MOHAMED-HHOSNY","Log4NetLevel":"INFO "}
{"@t":"2025-06-17T11:19:19.1540251Z","@mt":"Hosting environment: {EnvName}","EnvName":"Development","SourceContext":"Microsoft.Hosting.Lifetime","ProcessId":34708,"ProcessName":"iisexpress","ThreadId":1,"ApplicationId":"9f7c6a500e56b027d20d092f03305e7fa5336738","MachineName":"MOHAMED-HHOSNY","Log4NetLevel":"INFO "}
{"@t":"2025-06-17T11:19:19.1540853Z","@mt":"Content root path: {ContentRoot}","ContentRoot":"D:\\Mohamed\\umbraco\\Umbraco_AutoComplete\\Umbraco_AutoComplete","SourceContext":"Microsoft.Hosting.Lifetime","ProcessId":34708,"ProcessName":"iisexpress","ThreadId":1,"ApplicationId":"9f7c6a500e56b027d20d092f03305e7fa5336738","MachineName":"MOHAMED-HHOSNY","Log4NetLevel":"INFO "}
{"@t":"2025-06-17T11:19:20.3391509Z","@mt":"Registered with MainDom, localContentDbExists? {LocalContentDbExists}, localMediaDbExists? {LocalMediaDbExists}","@tr":"1c449e74c153a0df873a3283d1588ec9","@sp":"efb8bdc22adb5b13","LocalContentDbExists":true,"LocalMediaDbExists":true,"SourceContext":"Umbraco.Cms.Infrastructure.PublishedCache.PublishedSnapshotService","RequestId":"40000116-0007-fc00-b63f-84710c7967bb","RequestPath":"/","ProcessId":34708,"ProcessName":"iisexpress","ThreadId":7,"ApplicationId":"9f7c6a500e56b027d20d092f03305e7fa5336738","MachineName":"MOHAMED-HHOSNY","Log4NetLevel":"INFO ","HttpRequestId":"868813ae-2339-4bdf-a378-4101698e1ced","HttpRequestNumber":1,"HttpSessionId":"0"}
{"@t":"2025-06-17T11:19:20.3420368Z","@mt":"Creating the content store, localContentDbExists? {LocalContentDbExists}","@tr":"1c449e74c153a0df873a3283d1588ec9","@sp":"efb8bdc22adb5b13","LocalContentDbExists":true,"SourceContext":"Umbraco.Cms.Infrastructure.PublishedCache.PublishedSnapshotService","RequestId":"40000116-0007-fc00-b63f-84710c7967bb","RequestPath":"/","ProcessId":34708,"ProcessName":"iisexpress","ThreadId":7,"ApplicationId":"9f7c6a500e56b027d20d092f03305e7fa5336738","MachineName":"MOHAMED-HHOSNY","Log4NetLevel":"INFO ","HttpRequestId":"868813ae-2339-4bdf-a378-4101698e1ced","HttpRequestNumber":1,"HttpSessionId":"0"}
{"@t":"2025-06-17T11:19:20.3438095Z","@mt":"Creating the media store, localMediaDbExists? {LocalMediaDbExists}","@tr":"1c449e74c153a0df873a3283d1588ec9","@sp":"efb8bdc22adb5b13","LocalMediaDbExists":true,"SourceContext":"Umbraco.Cms.Infrastructure.PublishedCache.PublishedSnapshotService","RequestId":"40000116-0007-fc00-b63f-84710c7967bb","RequestPath":"/","ProcessId":34708,"ProcessName":"iisexpress","ThreadId":7,"ApplicationId":"9f7c6a500e56b027d20d092f03305e7fa5336738","MachineName":"MOHAMED-HHOSNY","Log4NetLevel":"INFO ","HttpRequestId":"868813ae-2339-4bdf-a378-4101698e1ced","HttpRequestNumber":1,"HttpSessionId":"0"}
{"@t":"2025-06-17T11:19:20.5659638Z","@mt":"{StartMessage} [Timing {TimingId}]","@tr":"1c449e74c153a0df873a3283d1588ec9","@sp":"efb8bdc22adb5b13","StartMessage":"Loading content from local cache file","TimingId":"fa6c24f","SourceContext":"Umbraco.Cms.Core.Logging.ProfilingLogger","RequestId":"40000116-0007-fc00-b63f-84710c7967bb","RequestPath":"/","ProcessId":34708,"ProcessName":"iisexpress","ThreadId":7,"ApplicationId":"9f7c6a500e56b027d20d092f03305e7fa5336738","MachineName":"MOHAMED-HHOSNY","Log4NetLevel":"INFO ","HttpRequestId":"868813ae-2339-4bdf-a378-4101698e1ced","HttpRequestNumber":1,"HttpSessionId":"0"}
{"@t":"2025-06-17T11:19:20.5918755Z","@mt":"{EndMessage} ({Duration}ms) [Timing {TimingId}]","@tr":"1c449e74c153a0df873a3283d1588ec9","@sp":"efb8bdc22adb5b13","EndMessage":"Completed.","Duration":26,"TimingId":"fa6c24f","SourceContext":"Umbraco.Cms.Core.Logging.ProfilingLogger","RequestId":"40000116-0007-fc00-b63f-84710c7967bb","RequestPath":"/","ProcessId":34708,"ProcessName":"iisexpress","ThreadId":7,"ApplicationId":"9f7c6a500e56b027d20d092f03305e7fa5336738","MachineName":"MOHAMED-HHOSNY","Log4NetLevel":"INFO ","HttpRequestId":"868813ae-2339-4bdf-a378-4101698e1ced","HttpRequestNumber":1,"HttpSessionId":"0"}
{"@t":"2025-06-17T11:19:20.5988414Z","@mt":"{StartMessage} [Timing {TimingId}]","@tr":"1c449e74c153a0df873a3283d1588ec9","@sp":"efb8bdc22adb5b13","StartMessage":"Loading media from local cache file","TimingId":"8556bb9","SourceContext":"Umbraco.Cms.Core.Logging.ProfilingLogger","RequestId":"40000116-0007-fc00-b63f-84710c7967bb","RequestPath":"/","ProcessId":34708,"ProcessName":"iisexpress","ThreadId":7,"ApplicationId":"9f7c6a500e56b027d20d092f03305e7fa5336738","MachineName":"MOHAMED-HHOSNY","Log4NetLevel":"INFO ","HttpRequestId":"868813ae-2339-4bdf-a378-4101698e1ced","HttpRequestNumber":1,"HttpSessionId":"0"}
{"@t":"2025-06-17T11:19:20.5995352Z","@mt":"Tried to load {entityType} from the local cache file but it was empty.","@tr":"1c449e74c153a0df873a3283d1588ec9","@sp":"efb8bdc22adb5b13","entityType":"media","SourceContext":"Umbraco.Cms.Infrastructure.PublishedCache.PublishedSnapshotService","RequestId":"40000116-0007-fc00-b63f-84710c7967bb","RequestPath":"/","ProcessId":34708,"ProcessName":"iisexpress","ThreadId":7,"ApplicationId":"9f7c6a500e56b027d20d092f03305e7fa5336738","MachineName":"MOHAMED-HHOSNY","Log4NetLevel":"INFO ","HttpRequestId":"868813ae-2339-4bdf-a378-4101698e1ced","HttpRequestNumber":1,"HttpSessionId":"0"}
{"@t":"2025-06-17T11:19:20.5997177Z","@mt":"{EndMessage} ({Duration}ms) [Timing {TimingId}]","@tr":"1c449e74c153a0df873a3283d1588ec9","@sp":"efb8bdc22adb5b13","EndMessage":"Completed.","Duration":0,"TimingId":"8556bb9","SourceContext":"Umbraco.Cms.Core.Logging.ProfilingLogger","RequestId":"40000116-0007-fc00-b63f-84710c7967bb","RequestPath":"/","ProcessId":34708,"ProcessName":"iisexpress","ThreadId":7,"ApplicationId":"9f7c6a500e56b027d20d092f03305e7fa5336738","MachineName":"MOHAMED-HHOSNY","Log4NetLevel":"INFO ","HttpRequestId":"868813ae-2339-4bdf-a378-4101698e1ced","HttpRequestNumber":1,"HttpSessionId":"0"}
{"@t":"2025-06-17T11:19:20.5999231Z","@mt":"Loading media from local db raised warnings, will reload from database.","@l":"Warning","@tr":"1c449e74c153a0df873a3283d1588ec9","@sp":"efb8bdc22adb5b13","SourceContext":"Umbraco.Cms.Infrastructure.PublishedCache.PublishedSnapshotService","RequestId":"40000116-0007-fc00-b63f-84710c7967bb","RequestPath":"/","ProcessId":34708,"ProcessName":"iisexpress","ThreadId":7,"ApplicationId":"9f7c6a500e56b027d20d092f03305e7fa5336738","MachineName":"MOHAMED-HHOSNY","Log4NetLevel":"WARN ","HttpRequestId":"868813ae-2339-4bdf-a378-4101698e1ced","HttpRequestNumber":1,"HttpSessionId":"0"}
{"@t":"2025-06-17T11:19:20.6024580Z","@mt":"{StartMessage} [Timing {TimingId}]","@tr":"1c449e74c153a0df873a3283d1588ec9","@sp":"efb8bdc22adb5b13","StartMessage":"Loading media from database","TimingId":"87d6e47","SourceContext":"Umbraco.Cms.Core.Logging.ProfilingLogger","RequestId":"40000116-0007-fc00-b63f-84710c7967bb","RequestPath":"/","ProcessId":34708,"ProcessName":"iisexpress","ThreadId":7,"ApplicationId":"9f7c6a500e56b027d20d092f03305e7fa5336738","MachineName":"MOHAMED-HHOSNY","Log4NetLevel":"INFO ","HttpRequestId":"868813ae-2339-4bdf-a378-4101698e1ced","HttpRequestNumber":1,"HttpSessionId":"0"}
{"@t":"2025-06-17T11:19:20.7049725Z","@mt":"{EndMessage} ({Duration}ms) [Timing {TimingId}]","@tr":"1c449e74c153a0df873a3283d1588ec9","@sp":"efb8bdc22adb5b13","EndMessage":"Completed.","Duration":102,"TimingId":"87d6e47","SourceContext":"Umbraco.Cms.Core.Logging.ProfilingLogger","RequestId":"40000116-0007-fc00-b63f-84710c7967bb","RequestPath":"/","ProcessId":34708,"ProcessName":"iisexpress","ThreadId":7,"ApplicationId":"9f7c6a500e56b027d20d092f03305e7fa5336738","MachineName":"MOHAMED-HHOSNY","Log4NetLevel":"INFO ","HttpRequestId":"868813ae-2339-4bdf-a378-4101698e1ced","HttpRequestNumber":1,"HttpSessionId":"0"}
{"@t":"2025-06-17T11:19:21.2231258Z","@mt":"No physical template file was found for document type with alias {Alias}","@l":"Warning","@tr":"1c449e74c153a0df873a3283d1588ec9","@sp":"efb8bdc22adb5b13","Alias":"testDoc","SourceContext":"Umbraco.Cms.Web.Common.Controllers.RenderController","ActionId":"ec5702d3-a5c1-4216-bd14-02e06d125f6c","ActionName":"Umbraco.Cms.Web.Common.Controllers.RenderController.Index (Umbraco.Web.Common)","RequestId":"40000116-0007-fc00-b63f-84710c7967bb","RequestPath":"/","ProcessId":34708,"ProcessName":"iisexpress","ThreadId":7,"ApplicationId":"9f7c6a500e56b027d20d092f03305e7fa5336738","MachineName":"MOHAMED-HHOSNY","Log4NetLevel":"WARN ","HttpRequestId":"868813ae-2339-4bdf-a378-4101698e1ced","HttpRequestNumber":1,"HttpSessionId":"d2b8ae85-4db3-a792-9df4-0108ce423dd2"}
{"@t":"2025-06-17T11:20:08.1857786Z","@mt":"{StartMessage} [Timing {TimingId}]","@tr":"9a73a483ada5286df4f86e6551af76c9","@sp":"d11cb5ec012c14e8","StartMessage":"Loading content from database","TimingId":"d42e85a","SourceContext":"Umbraco.Cms.Core.Logging.ProfilingLogger","ActionId":"0d415e19-1978-4f9a-88bd-839d241efbe9","ActionName":"Umbraco.Cms.Web.BackOffice.Controllers.ContentTypeController.PostSave (Umbraco.Web.BackOffice)","RequestId":"4000001e-0007-ff00-b63f-84710c7967bb","RequestPath":"/umbraco/backoffice/umbracoapi/contenttype/PostSave","ProcessId":34708,"ProcessName":"iisexpress","ThreadId":22,"ApplicationId":"9f7c6a500e56b027d20d092f03305e7fa5336738","MachineName":"MOHAMED-HHOSNY","Log4NetLevel":"INFO ","HttpRequestId":"1b3f80cb-d2ad-47e7-a816-67417ea2e8ff","HttpRequestNumber":2,"HttpSessionId":"7bdfb782-fd5d-62ac-4dca-e25f282c3dbe"}
{"@t":"2025-06-17T11:20:08.2358687Z","@mt":"{EndMessage} ({Duration}ms) [Timing {TimingId}]","@tr":"9a73a483ada5286df4f86e6551af76c9","@sp":"d11cb5ec012c14e8","EndMessage":"Completed.","Duration":50,"TimingId":"d42e85a","SourceContext":"Umbraco.Cms.Core.Logging.ProfilingLogger","ActionId":"0d415e19-1978-4f9a-88bd-839d241efbe9","ActionName":"Umbraco.Cms.Web.BackOffice.Controllers.ContentTypeController.PostSave (Umbraco.Web.BackOffice)","RequestId":"4000001e-0007-ff00-b63f-84710c7967bb","RequestPath":"/umbraco/backoffice/umbracoapi/contenttype/PostSave","ProcessId":34708,"ProcessName":"iisexpress","ThreadId":22,"ApplicationId":"9f7c6a500e56b027d20d092f03305e7fa5336738","MachineName":"MOHAMED-HHOSNY","Log4NetLevel":"INFO ","HttpRequestId":"1b3f80cb-d2ad-47e7-a816-67417ea2e8ff","HttpRequestNumber":2,"HttpSessionId":"7bdfb782-fd5d-62ac-4dca-e25f282c3dbe"}
{"@t":"2025-06-17T11:20:08.2390668Z","@mt":"{StartMessage} [Timing {TimingId}]","@tr":"9a73a483ada5286df4f86e6551af76c9","@sp":"d11cb5ec012c14e8","StartMessage":"Loading media from database","TimingId":"be7c12f","SourceContext":"Umbraco.Cms.Core.Logging.ProfilingLogger","ActionId":"0d415e19-1978-4f9a-88bd-839d241efbe9","ActionName":"Umbraco.Cms.Web.BackOffice.Controllers.ContentTypeController.PostSave (Umbraco.Web.BackOffice)","RequestId":"4000001e-0007-ff00-b63f-84710c7967bb","RequestPath":"/umbraco/backoffice/umbracoapi/contenttype/PostSave","ProcessId":34708,"ProcessName":"iisexpress","ThreadId":22,"ApplicationId":"9f7c6a500e56b027d20d092f03305e7fa5336738","MachineName":"MOHAMED-HHOSNY","Log4NetLevel":"INFO ","HttpRequestId":"1b3f80cb-d2ad-47e7-a816-67417ea2e8ff","HttpRequestNumber":2,"HttpSessionId":"7bdfb782-fd5d-62ac-4dca-e25f282c3dbe"}
{"@t":"2025-06-17T11:20:08.2546151Z","@mt":"{EndMessage} ({Duration}ms) [Timing {TimingId}]","@tr":"9a73a483ada5286df4f86e6551af76c9","@sp":"d11cb5ec012c14e8","EndMessage":"Completed.","Duration":15,"TimingId":"be7c12f","SourceContext":"Umbraco.Cms.Core.Logging.ProfilingLogger","ActionId":"0d415e19-1978-4f9a-88bd-839d241efbe9","ActionName":"Umbraco.Cms.Web.BackOffice.Controllers.ContentTypeController.PostSave (Umbraco.Web.BackOffice)","RequestId":"4000001e-0007-ff00-b63f-84710c7967bb","RequestPath":"/umbraco/backoffice/umbracoapi/contenttype/PostSave","ProcessId":34708,"ProcessName":"iisexpress","ThreadId":22,"ApplicationId":"9f7c6a500e56b027d20d092f03305e7fa5336738","MachineName":"MOHAMED-HHOSNY","Log4NetLevel":"INFO ","HttpRequestId":"1b3f80cb-d2ad-47e7-a816-67417ea2e8ff","HttpRequestNumber":2,"HttpSessionId":"7bdfb782-fd5d-62ac-4dca-e25f282c3dbe"}
{"@t":"2025-06-17T11:20:08.2645746Z","@mt":"Adding examine event handlers for {RegisteredIndexers} index providers.","@tr":"9a73a483ada5286df4f86e6551af76c9","@sp":"d11cb5ec012c14e8","RegisteredIndexers":3,"SourceContext":"Umbraco.Cms.Infrastructure.Examine.ExamineUmbracoIndexingHandler","ActionId":"0d415e19-1978-4f9a-88bd-839d241efbe9","ActionName":"Umbraco.Cms.Web.BackOffice.Controllers.ContentTypeController.PostSave (Umbraco.Web.BackOffice)","RequestId":"4000001e-0007-ff00-b63f-84710c7967bb","RequestPath":"/umbraco/backoffice/umbracoapi/contenttype/PostSave","ProcessId":34708,"ProcessName":"iisexpress","ThreadId":22,"ApplicationId":"9f7c6a500e56b027d20d092f03305e7fa5336738","MachineName":"MOHAMED-HHOSNY","Log4NetLevel":"INFO ","HttpRequestId":"1b3f80cb-d2ad-47e7-a816-67417ea2e8ff","HttpRequestNumber":2,"HttpSessionId":"7bdfb782-fd5d-62ac-4dca-e25f282c3dbe"}
{"@t":"2025-06-17T11:20:20.1782037Z","@mt":"The Delivery API is not enabled, no indexing will performed for the Delivery API content index.","SourceContext":"Umbraco.Cms.Infrastructure.Examine.DeliveryApiContentIndexPopulator","ProcessId":34708,"ProcessName":"iisexpress","ThreadId":9,"ApplicationId":"9f7c6a500e56b027d20d092f03305e7fa5336738","MachineName":"MOHAMED-HHOSNY","Log4NetLevel":"INFO "}
{"@t":"2025-06-17T11:21:53.7269483Z","@mt":"{StartMessage} [Timing {TimingId}]","@tr":"d6a0180a847a4a5d47bb197fff6994a3","@sp":"d7e1243885c2aa85","StartMessage":"Loading content from database","TimingId":"f260810","SourceContext":"Umbraco.Cms.Core.Logging.ProfilingLogger","ActionId":"0d415e19-1978-4f9a-88bd-839d241efbe9","ActionName":"Umbraco.Cms.Web.BackOffice.Controllers.ContentTypeController.PostSave (Umbraco.Web.BackOffice)","RequestId":"4000001f-0003-ff00-b63f-84710c7967bb","RequestPath":"/umbraco/backoffice/umbracoapi/contenttype/PostSave","ProcessId":34708,"ProcessName":"iisexpress","ThreadId":38,"ApplicationId":"9f7c6a500e56b027d20d092f03305e7fa5336738","MachineName":"MOHAMED-HHOSNY","Log4NetLevel":"INFO ","HttpRequestId":"02ce517d-69b8-46e6-8f67-d055e858a7b4","HttpRequestNumber":3,"HttpSessionId":"0c9c9d73-4d2c-5c6b-2655-62a535daffbf"}
{"@t":"2025-06-17T11:21:53.7750882Z","@mt":"{EndMessage} ({Duration}ms) [Timing {TimingId}]","@tr":"d6a0180a847a4a5d47bb197fff6994a3","@sp":"d7e1243885c2aa85","EndMessage":"Completed.","Duration":48,"TimingId":"f260810","SourceContext":"Umbraco.Cms.Core.Logging.ProfilingLogger","ActionId":"0d415e19-1978-4f9a-88bd-839d241efbe9","ActionName":"Umbraco.Cms.Web.BackOffice.Controllers.ContentTypeController.PostSave (Umbraco.Web.BackOffice)","RequestId":"4000001f-0003-ff00-b63f-84710c7967bb","RequestPath":"/umbraco/backoffice/umbracoapi/contenttype/PostSave","ProcessId":34708,"ProcessName":"iisexpress","ThreadId":38,"ApplicationId":"9f7c6a500e56b027d20d092f03305e7fa5336738","MachineName":"MOHAMED-HHOSNY","Log4NetLevel":"INFO ","HttpRequestId":"02ce517d-69b8-46e6-8f67-d055e858a7b4","HttpRequestNumber":3,"HttpSessionId":"0c9c9d73-4d2c-5c6b-2655-62a535daffbf"}
{"@t":"2025-06-17T11:21:53.7785380Z","@mt":"{StartMessage} [Timing {TimingId}]","@tr":"d6a0180a847a4a5d47bb197fff6994a3","@sp":"d7e1243885c2aa85","StartMessage":"Loading media from database","TimingId":"8681715","SourceContext":"Umbraco.Cms.Core.Logging.ProfilingLogger","ActionId":"0d415e19-1978-4f9a-88bd-839d241efbe9","ActionName":"Umbraco.Cms.Web.BackOffice.Controllers.ContentTypeController.PostSave (Umbraco.Web.BackOffice)","RequestId":"4000001f-0003-ff00-b63f-84710c7967bb","RequestPath":"/umbraco/backoffice/umbracoapi/contenttype/PostSave","ProcessId":34708,"ProcessName":"iisexpress","ThreadId":38,"ApplicationId":"9f7c6a500e56b027d20d092f03305e7fa5336738","MachineName":"MOHAMED-HHOSNY","Log4NetLevel":"INFO ","HttpRequestId":"02ce517d-69b8-46e6-8f67-d055e858a7b4","HttpRequestNumber":3,"HttpSessionId":"0c9c9d73-4d2c-5c6b-2655-62a535daffbf"}
{"@t":"2025-06-17T11:21:53.8036870Z","@mt":"{EndMessage} ({Duration}ms) [Timing {TimingId}]","@tr":"d6a0180a847a4a5d47bb197fff6994a3","@sp":"d7e1243885c2aa85","EndMessage":"Completed.","Duration":25,"TimingId":"8681715","SourceContext":"Umbraco.Cms.Core.Logging.ProfilingLogger","ActionId":"0d415e19-1978-4f9a-88bd-839d241efbe9","ActionName":"Umbraco.Cms.Web.BackOffice.Controllers.ContentTypeController.PostSave (Umbraco.Web.BackOffice)","RequestId":"4000001f-0003-ff00-b63f-84710c7967bb","RequestPath":"/umbraco/backoffice/umbracoapi/contenttype/PostSave","ProcessId":34708,"ProcessName":"iisexpress","ThreadId":38,"ApplicationId":"9f7c6a500e56b027d20d092f03305e7fa5336738","MachineName":"MOHAMED-HHOSNY","Log4NetLevel":"INFO ","HttpRequestId":"02ce517d-69b8-46e6-8f67-d055e858a7b4","HttpRequestNumber":3,"HttpSessionId":"0c9c9d73-4d2c-5c6b-2655-62a535daffbf"}
{"@t":"2025-06-17T11:33:33.7558688Z","@mt":"Document {ContentName} (id={ContentId}) has been published.","@tr":"9815e9246c4a6c27d3706bc6a00dbb59","@sp":"bd8bc8599a4418d2","ContentName":"sdsd","ContentId":1059,"SourceContext":"Umbraco.Cms.Core.Services.ContentService","ActionId":"02cdbf5c-601e-4440-8189-41fed38552b3","ActionName":"Umbraco.Cms.Web.BackOffice.Controllers.ContentController.PostSave (Umbraco.Web.BackOffice)","RequestId":"4000007a-0006-f700-b63f-84710c7967bb","RequestPath":"/umbraco/backoffice/umbracoapi/content/PostSave","ProcessId":34708,"ProcessName":"iisexpress","ThreadId":31,"ApplicationId":"9f7c6a500e56b027d20d092f03305e7fa5336738","MachineName":"MOHAMED-HHOSNY","Log4NetLevel":"INFO ","HttpRequestId":"38fc7022-de08-48a0-9ef4-2a537ae1706d","HttpRequestNumber":4,"HttpSessionId":"550b8cb3-1876-e2e7-6285-8f95e105cc7c"}
{"@t":"2025-06-17T11:34:24.8496007Z","@mt":"Document {ContentName} (id={ContentId}) has been published.","@tr":"bd1d66f094635e9aeacc29952b96e7fc","@sp":"9518a9cf9824ece2","ContentName":"sdsd","ContentId":1059,"SourceContext":"Umbraco.Cms.Core.Services.ContentService","ActionId":"02cdbf5c-601e-4440-8189-41fed38552b3","ActionName":"Umbraco.Cms.Web.BackOffice.Controllers.ContentController.PostSave (Umbraco.Web.BackOffice)","RequestId":"40000034-0001-ef00-b63f-84710c7967bb","RequestPath":"/umbraco/backoffice/umbracoapi/content/PostSave","ProcessId":34708,"ProcessName":"iisexpress","ThreadId":54,"ApplicationId":"9f7c6a500e56b027d20d092f03305e7fa5336738","MachineName":"MOHAMED-HHOSNY","Log4NetLevel":"INFO ","HttpRequestId":"aa213602-c2b9-4cc4-a54c-ab82541e1921","HttpRequestNumber":5,"HttpSessionId":"b2528309-87ed-bb7e-f936-5b8803f269b4"}
{"@t":"2025-06-17T11:40:08.2936720Z","@mt":"Acquiring MainDom.","SourceContext":"Umbraco.Cms.Core.Runtime.MainDom","ProcessId":37148,"ProcessName":"iisexpress","ThreadId":1,"ApplicationId":"9f7c6a500e56b027d20d092f03305e7fa5336738","MachineName":"MOHAMED-HHOSNY","Log4NetLevel":"INFO "}
{"@t":"2025-06-17T11:40:08.3030810Z","@mt":"Acquired MainDom.","SourceContext":"Umbraco.Cms.Core.Runtime.MainDom","ProcessId":37148,"ProcessName":"iisexpress","ThreadId":1,"ApplicationId":"9f7c6a500e56b027d20d092f03305e7fa5336738","MachineName":"MOHAMED-HHOSNY","Log4NetLevel":"INFO "}
{"@t":"2025-06-17T11:40:10.7599432Z","@mt":"Starting recurring background jobs hosted services","SourceContext":"Umbraco.Cms.Infrastructure.BackgroundJobs.RecurringBackgroundJobHostedServiceRunner","ProcessId":37148,"ProcessName":"iisexpress","ThreadId":1,"ApplicationId":"9f7c6a500e56b027d20d092f03305e7fa5336738","MachineName":"MOHAMED-HHOSNY","Log4NetLevel":"INFO "}
{"@t":"2025-06-17T11:40:10.7616807Z","@mt":"Starting background hosted service for {job}","job":"HealthCheckNotifierJob","SourceContext":"Umbraco.Cms.Infrastructure.BackgroundJobs.RecurringBackgroundJobHostedServiceRunner","ProcessId":37148,"ProcessName":"iisexpress","ThreadId":1,"ApplicationId":"9f7c6a500e56b027d20d092f03305e7fa5336738","MachineName":"MOHAMED-HHOSNY","Log4NetLevel":"INFO "}
{"@t":"2025-06-17T11:40:10.7675553Z","@mt":"Starting background hosted service for {job}","job":"KeepAliveJob","SourceContext":"Umbraco.Cms.Infrastructure.BackgroundJobs.RecurringBackgroundJobHostedServiceRunner","ProcessId":37148,"ProcessName":"iisexpress","ThreadId":1,"ApplicationId":"9f7c6a500e56b027d20d092f03305e7fa5336738","MachineName":"MOHAMED-HHOSNY","Log4NetLevel":"INFO "}
{"@t":"2025-06-17T11:40:10.7679286Z","@mt":"Starting background hosted service for {job}","job":"LogScrubberJob","SourceContext":"Umbraco.Cms.Infrastructure.BackgroundJobs.RecurringBackgroundJobHostedServiceRunner","ProcessId":37148,"ProcessName":"iisexpress","ThreadId":1,"ApplicationId":"9f7c6a500e56b027d20d092f03305e7fa5336738","MachineName":"MOHAMED-HHOSNY","Log4NetLevel":"INFO "}
{"@t":"2025-06-17T11:40:10.7683529Z","@mt":"Starting background hosted service for {job}","job":"ContentVersionCleanupJob","SourceContext":"Umbraco.Cms.Infrastructure.BackgroundJobs.RecurringBackgroundJobHostedServiceRunner","ProcessId":37148,"ProcessName":"iisexpress","ThreadId":1,"ApplicationId":"9f7c6a500e56b027d20d092f03305e7fa5336738","MachineName":"MOHAMED-HHOSNY","Log4NetLevel":"INFO "}
{"@t":"2025-06-17T11:40:10.7687707Z","@mt":"Starting background hosted service for {job}","job":"ScheduledPublishingJob","SourceContext":"Umbraco.Cms.Infrastructure.BackgroundJobs.RecurringBackgroundJobHostedServiceRunner","ProcessId":37148,"ProcessName":"iisexpress","ThreadId":1,"ApplicationId":"9f7c6a500e56b027d20d092f03305e7fa5336738","MachineName":"MOHAMED-HHOSNY","Log4NetLevel":"INFO "}
{"@t":"2025-06-17T11:40:10.7692157Z","@mt":"Starting background hosted service for {job}","job":"TempFileCleanupJob","SourceContext":"Umbraco.Cms.Infrastructure.BackgroundJobs.RecurringBackgroundJobHostedServiceRunner","ProcessId":37148,"ProcessName":"iisexpress","ThreadId":1,"ApplicationId":"9f7c6a500e56b027d20d092f03305e7fa5336738","MachineName":"MOHAMED-HHOSNY","Log4NetLevel":"INFO "}
{"@t":"2025-06-17T11:40:10.7696809Z","@mt":"Starting background hosted service for {job}","job":"InstructionProcessJob","SourceContext":"Umbraco.Cms.Infrastructure.BackgroundJobs.RecurringBackgroundJobHostedServiceRunner","ProcessId":37148,"ProcessName":"iisexpress","ThreadId":1,"ApplicationId":"9f7c6a500e56b027d20d092f03305e7fa5336738","MachineName":"MOHAMED-HHOSNY","Log4NetLevel":"INFO "}
{"@t":"2025-06-17T11:40:10.7701134Z","@mt":"Starting background hosted service for {job}","job":"TouchServerJob","SourceContext":"Umbraco.Cms.Infrastructure.BackgroundJobs.RecurringBackgroundJobHostedServiceRunner","ProcessId":37148,"ProcessName":"iisexpress","ThreadId":1,"ApplicationId":"9f7c6a500e56b027d20d092f03305e7fa5336738","MachineName":"MOHAMED-HHOSNY","Log4NetLevel":"INFO "}
{"@t":"2025-06-17T11:40:10.7705094Z","@mt":"Starting background hosted service for {job}","job":"WebhookFiring","SourceContext":"Umbraco.Cms.Infrastructure.BackgroundJobs.RecurringBackgroundJobHostedServiceRunner","ProcessId":37148,"ProcessName":"iisexpress","ThreadId":1,"ApplicationId":"9f7c6a500e56b027d20d092f03305e7fa5336738","MachineName":"MOHAMED-HHOSNY","Log4NetLevel":"INFO "}
{"@t":"2025-06-17T11:40:10.7708574Z","@mt":"Starting background hosted service for {job}","job":"WebhookLoggingCleanup","SourceContext":"Umbraco.Cms.Infrastructure.BackgroundJobs.RecurringBackgroundJobHostedServiceRunner","ProcessId":37148,"ProcessName":"iisexpress","ThreadId":1,"ApplicationId":"9f7c6a500e56b027d20d092f03305e7fa5336738","MachineName":"MOHAMED-HHOSNY","Log4NetLevel":"INFO "}
{"@t":"2025-06-17T11:40:10.7712870Z","@mt":"Starting background hosted service for {job}","job":"ReportSiteJob","SourceContext":"Umbraco.Cms.Infrastructure.BackgroundJobs.RecurringBackgroundJobHostedServiceRunner","ProcessId":37148,"ProcessName":"iisexpress","ThreadId":1,"ApplicationId":"9f7c6a500e56b027d20d092f03305e7fa5336738","MachineName":"MOHAMED-HHOSNY","Log4NetLevel":"INFO "}
{"@t":"2025-06-17T11:40:10.7714839Z","@mt":"Completed starting recurring background jobs hosted services","SourceContext":"Umbraco.Cms.Infrastructure.BackgroundJobs.RecurringBackgroundJobHostedServiceRunner","ProcessId":37148,"ProcessName":"iisexpress","ThreadId":1,"ApplicationId":"9f7c6a500e56b027d20d092f03305e7fa5336738","MachineName":"MOHAMED-HHOSNY","Log4NetLevel":"INFO "}
{"@t":"2025-06-17T11:40:11.0979529Z","@mt":"Application started. Press Ctrl+C to shut down.","SourceContext":"Microsoft.Hosting.Lifetime","ProcessId":37148,"ProcessName":"iisexpress","ThreadId":1,"ApplicationId":"9f7c6a500e56b027d20d092f03305e7fa5336738","MachineName":"MOHAMED-HHOSNY","Log4NetLevel":"INFO "}
{"@t":"2025-06-17T11:40:11.0980549Z","@mt":"Hosting environment: {EnvName}","EnvName":"Development","SourceContext":"Microsoft.Hosting.Lifetime","ProcessId":37148,"ProcessName":"iisexpress","ThreadId":1,"ApplicationId":"9f7c6a500e56b027d20d092f03305e7fa5336738","MachineName":"MOHAMED-HHOSNY","Log4NetLevel":"INFO "}
{"@t":"2025-06-17T11:40:11.0981351Z","@mt":"Content root path: {ContentRoot}","ContentRoot":"D:\\Mohamed\\umbraco\\Umbraco_AutoComplete\\Umbraco_AutoComplete","SourceContext":"Microsoft.Hosting.Lifetime","ProcessId":37148,"ProcessName":"iisexpress","ThreadId":1,"ApplicationId":"9f7c6a500e56b027d20d092f03305e7fa5336738","MachineName":"MOHAMED-HHOSNY","Log4NetLevel":"INFO "}
{"@t":"2025-06-17T11:40:19.0775577Z","@mt":"Registered with MainDom, localContentDbExists? {LocalContentDbExists}, localMediaDbExists? {LocalMediaDbExists}","@tr":"3a29ed6a23a8827db587bf02ea573864","@sp":"519e9612d56ea748","LocalContentDbExists":true,"LocalMediaDbExists":true,"SourceContext":"Umbraco.Cms.Infrastructure.PublishedCache.PublishedSnapshotService","ActionId":"377deb4f-3fcc-4534-8a1f-82bf368b8917","ActionName":"Umbraco.Cms.Web.BackOffice.Controllers.ContentController.GetById (Umbraco.Web.BackOffice)","RequestId":"40000093-0002-f900-b63f-84710c7967bb","RequestPath":"/umbraco/backoffice/umbracoapi/content/GetById","ProcessId":37148,"ProcessName":"iisexpress","ThreadId":19,"ApplicationId":"9f7c6a500e56b027d20d092f03305e7fa5336738","MachineName":"MOHAMED-HHOSNY","Log4NetLevel":"INFO ","HttpRequestId":"21b90f50-2e6c-4201-b5e9-37aebc996278","HttpRequestNumber":1,"HttpSessionId":"81521695-ef81-1a74-8072-db8adca6804d"}
{"@t":"2025-06-17T11:40:19.0831654Z","@mt":"Creating the content store, localContentDbExists? {LocalContentDbExists}","@tr":"3a29ed6a23a8827db587bf02ea573864","@sp":"519e9612d56ea748","LocalContentDbExists":true,"SourceContext":"Umbraco.Cms.Infrastructure.PublishedCache.PublishedSnapshotService","ActionId":"377deb4f-3fcc-4534-8a1f-82bf368b8917","ActionName":"Umbraco.Cms.Web.BackOffice.Controllers.ContentController.GetById (Umbraco.Web.BackOffice)","RequestId":"40000093-0002-f900-b63f-84710c7967bb","RequestPath":"/umbraco/backoffice/umbracoapi/content/GetById","ProcessId":37148,"ProcessName":"iisexpress","ThreadId":19,"ApplicationId":"9f7c6a500e56b027d20d092f03305e7fa5336738","MachineName":"MOHAMED-HHOSNY","Log4NetLevel":"INFO ","HttpRequestId":"21b90f50-2e6c-4201-b5e9-37aebc996278","HttpRequestNumber":1,"HttpSessionId":"81521695-ef81-1a74-8072-db8adca6804d"}
{"@t":"2025-06-17T11:40:19.0865964Z","@mt":"Creating the media store, localMediaDbExists? {LocalMediaDbExists}","@tr":"3a29ed6a23a8827db587bf02ea573864","@sp":"519e9612d56ea748","LocalMediaDbExists":true,"SourceContext":"Umbraco.Cms.Infrastructure.PublishedCache.PublishedSnapshotService","ActionId":"377deb4f-3fcc-4534-8a1f-82bf368b8917","ActionName":"Umbraco.Cms.Web.BackOffice.Controllers.ContentController.GetById (Umbraco.Web.BackOffice)","RequestId":"40000093-0002-f900-b63f-84710c7967bb","RequestPath":"/umbraco/backoffice/umbracoapi/content/GetById","ProcessId":37148,"ProcessName":"iisexpress","ThreadId":19,"ApplicationId":"9f7c6a500e56b027d20d092f03305e7fa5336738","MachineName":"MOHAMED-HHOSNY","Log4NetLevel":"INFO ","HttpRequestId":"21b90f50-2e6c-4201-b5e9-37aebc996278","HttpRequestNumber":1,"HttpSessionId":"81521695-ef81-1a74-8072-db8adca6804d"}
{"@t":"2025-06-17T11:40:19.1178062Z","@mt":"{StartMessage} [Timing {TimingId}]","@tr":"3a29ed6a23a8827db587bf02ea573864","@sp":"519e9612d56ea748","StartMessage":"Loading content from local cache file","TimingId":"055f7df","SourceContext":"Umbraco.Cms.Core.Logging.ProfilingLogger","ActionId":"377deb4f-3fcc-4534-8a1f-82bf368b8917","ActionName":"Umbraco.Cms.Web.BackOffice.Controllers.ContentController.GetById (Umbraco.Web.BackOffice)","RequestId":"40000093-0002-f900-b63f-84710c7967bb","RequestPath":"/umbraco/backoffice/umbracoapi/content/GetById","ProcessId":37148,"ProcessName":"iisexpress","ThreadId":19,"ApplicationId":"9f7c6a500e56b027d20d092f03305e7fa5336738","MachineName":"MOHAMED-HHOSNY","Log4NetLevel":"INFO ","HttpRequestId":"21b90f50-2e6c-4201-b5e9-37aebc996278","HttpRequestNumber":1,"HttpSessionId":"81521695-ef81-1a74-8072-db8adca6804d"}
{"@t":"2025-06-17T11:40:19.1456896Z","@mt":"{EndMessage} ({Duration}ms) [Timing {TimingId}]","@tr":"3a29ed6a23a8827db587bf02ea573864","@sp":"519e9612d56ea748","EndMessage":"Completed.","Duration":27,"TimingId":"055f7df","SourceContext":"Umbraco.Cms.Core.Logging.ProfilingLogger","ActionId":"377deb4f-3fcc-4534-8a1f-82bf368b8917","ActionName":"Umbraco.Cms.Web.BackOffice.Controllers.ContentController.GetById (Umbraco.Web.BackOffice)","RequestId":"40000093-0002-f900-b63f-84710c7967bb","RequestPath":"/umbraco/backoffice/umbracoapi/content/GetById","ProcessId":37148,"ProcessName":"iisexpress","ThreadId":19,"ApplicationId":"9f7c6a500e56b027d20d092f03305e7fa5336738","MachineName":"MOHAMED-HHOSNY","Log4NetLevel":"INFO ","HttpRequestId":"21b90f50-2e6c-4201-b5e9-37aebc996278","HttpRequestNumber":1,"HttpSessionId":"81521695-ef81-1a74-8072-db8adca6804d"}
{"@t":"2025-06-17T11:40:19.1544200Z","@mt":"{StartMessage} [Timing {TimingId}]","@tr":"3a29ed6a23a8827db587bf02ea573864","@sp":"519e9612d56ea748","StartMessage":"Loading media from local cache file","TimingId":"176ee99","SourceContext":"Umbraco.Cms.Core.Logging.ProfilingLogger","ActionId":"377deb4f-3fcc-4534-8a1f-82bf368b8917","ActionName":"Umbraco.Cms.Web.BackOffice.Controllers.ContentController.GetById (Umbraco.Web.BackOffice)","RequestId":"40000093-0002-f900-b63f-84710c7967bb","RequestPath":"/umbraco/backoffice/umbracoapi/content/GetById","ProcessId":37148,"ProcessName":"iisexpress","ThreadId":19,"ApplicationId":"9f7c6a500e56b027d20d092f03305e7fa5336738","MachineName":"MOHAMED-HHOSNY","Log4NetLevel":"INFO ","HttpRequestId":"21b90f50-2e6c-4201-b5e9-37aebc996278","HttpRequestNumber":1,"HttpSessionId":"81521695-ef81-1a74-8072-db8adca6804d"}
{"@t":"2025-06-17T11:40:19.1549207Z","@mt":"Tried to load {entityType} from the local cache file but it was empty.","@tr":"3a29ed6a23a8827db587bf02ea573864","@sp":"519e9612d56ea748","entityType":"media","SourceContext":"Umbraco.Cms.Infrastructure.PublishedCache.PublishedSnapshotService","ActionId":"377deb4f-3fcc-4534-8a1f-82bf368b8917","ActionName":"Umbraco.Cms.Web.BackOffice.Controllers.ContentController.GetById (Umbraco.Web.BackOffice)","RequestId":"40000093-0002-f900-b63f-84710c7967bb","RequestPath":"/umbraco/backoffice/umbracoapi/content/GetById","ProcessId":37148,"ProcessName":"iisexpress","ThreadId":19,"ApplicationId":"9f7c6a500e56b027d20d092f03305e7fa5336738","MachineName":"MOHAMED-HHOSNY","Log4NetLevel":"INFO ","HttpRequestId":"21b90f50-2e6c-4201-b5e9-37aebc996278","HttpRequestNumber":1,"HttpSessionId":"81521695-ef81-1a74-8072-db8adca6804d"}
{"@t":"2025-06-17T11:40:19.1551023Z","@mt":"{EndMessage} ({Duration}ms) [Timing {TimingId}]","@tr":"3a29ed6a23a8827db587bf02ea573864","@sp":"519e9612d56ea748","EndMessage":"Completed.","Duration":0,"TimingId":"176ee99","SourceContext":"Umbraco.Cms.Core.Logging.ProfilingLogger","ActionId":"377deb4f-3fcc-4534-8a1f-82bf368b8917","ActionName":"Umbraco.Cms.Web.BackOffice.Controllers.ContentController.GetById (Umbraco.Web.BackOffice)","RequestId":"40000093-0002-f900-b63f-84710c7967bb","RequestPath":"/umbraco/backoffice/umbracoapi/content/GetById","ProcessId":37148,"ProcessName":"iisexpress","ThreadId":19,"ApplicationId":"9f7c6a500e56b027d20d092f03305e7fa5336738","MachineName":"MOHAMED-HHOSNY","Log4NetLevel":"INFO ","HttpRequestId":"21b90f50-2e6c-4201-b5e9-37aebc996278","HttpRequestNumber":1,"HttpSessionId":"81521695-ef81-1a74-8072-db8adca6804d"}
{"@t":"2025-06-17T11:40:19.1552046Z","@mt":"Loading media from local db raised warnings, will reload from database.","@l":"Warning","@tr":"3a29ed6a23a8827db587bf02ea573864","@sp":"519e9612d56ea748","SourceContext":"Umbraco.Cms.Infrastructure.PublishedCache.PublishedSnapshotService","ActionId":"377deb4f-3fcc-4534-8a1f-82bf368b8917","ActionName":"Umbraco.Cms.Web.BackOffice.Controllers.ContentController.GetById (Umbraco.Web.BackOffice)","RequestId":"40000093-0002-f900-b63f-84710c7967bb","RequestPath":"/umbraco/backoffice/umbracoapi/content/GetById","ProcessId":37148,"ProcessName":"iisexpress","ThreadId":19,"ApplicationId":"9f7c6a500e56b027d20d092f03305e7fa5336738","MachineName":"MOHAMED-HHOSNY","Log4NetLevel":"WARN ","HttpRequestId":"21b90f50-2e6c-4201-b5e9-37aebc996278","HttpRequestNumber":1,"HttpSessionId":"81521695-ef81-1a74-8072-db8adca6804d"}
{"@t":"2025-06-17T11:40:19.1591569Z","@mt":"{StartMessage} [Timing {TimingId}]","@tr":"3a29ed6a23a8827db587bf02ea573864","@sp":"519e9612d56ea748","StartMessage":"Loading media from database","TimingId":"455d24b","SourceContext":"Umbraco.Cms.Core.Logging.ProfilingLogger","ActionId":"377deb4f-3fcc-4534-8a1f-82bf368b8917","ActionName":"Umbraco.Cms.Web.BackOffice.Controllers.ContentController.GetById (Umbraco.Web.BackOffice)","RequestId":"40000093-0002-f900-b63f-84710c7967bb","RequestPath":"/umbraco/backoffice/umbracoapi/content/GetById","ProcessId":37148,"ProcessName":"iisexpress","ThreadId":19,"ApplicationId":"9f7c6a500e56b027d20d092f03305e7fa5336738","MachineName":"MOHAMED-HHOSNY","Log4NetLevel":"INFO ","HttpRequestId":"21b90f50-2e6c-4201-b5e9-37aebc996278","HttpRequestNumber":1,"HttpSessionId":"81521695-ef81-1a74-8072-db8adca6804d"}
{"@t":"2025-06-17T11:40:19.2937947Z","@mt":"{EndMessage} ({Duration}ms) [Timing {TimingId}]","@tr":"3a29ed6a23a8827db587bf02ea573864","@sp":"519e9612d56ea748","EndMessage":"Completed.","Duration":134,"TimingId":"455d24b","SourceContext":"Umbraco.Cms.Core.Logging.ProfilingLogger","ActionId":"377deb4f-3fcc-4534-8a1f-82bf368b8917","ActionName":"Umbraco.Cms.Web.BackOffice.Controllers.ContentController.GetById (Umbraco.Web.BackOffice)","RequestId":"40000093-0002-f900-b63f-84710c7967bb","RequestPath":"/umbraco/backoffice/umbracoapi/content/GetById","ProcessId":37148,"ProcessName":"iisexpress","ThreadId":19,"ApplicationId":"9f7c6a500e56b027d20d092f03305e7fa5336738","MachineName":"MOHAMED-HHOSNY","Log4NetLevel":"INFO ","HttpRequestId":"21b90f50-2e6c-4201-b5e9-37aebc996278","HttpRequestNumber":1,"HttpSessionId":"81521695-ef81-1a74-8072-db8adca6804d"}
{"@t":"2025-06-17T11:41:11.9413176Z","@mt":"The Delivery API is not enabled, no indexing will performed for the Delivery API content index.","SourceContext":"Umbraco.Cms.Infrastructure.Examine.DeliveryApiContentIndexPopulator","ProcessId":37148,"ProcessName":"iisexpress","ThreadId":11,"ApplicationId":"9f7c6a500e56b027d20d092f03305e7fa5336738","MachineName":"MOHAMED-HHOSNY","Log4NetLevel":"INFO "}
{"@t":"2025-06-17T11:46:36.5593418Z","@mt":"Document {ContentName} (id={ContentId}) has been published.","@tr":"20d128122e6a42115064e633362aa7f7","@sp":"a1e8a5c46316a593","ContentName":"sdsd","ContentId":1059,"SourceContext":"Umbraco.Cms.Core.Services.ContentService","ActionId":"ad4f3133-5fc4-47f2-b399-aa4badc2252e","ActionName":"Umbraco.Cms.Web.BackOffice.Controllers.ContentController.PostSave (Umbraco.Web.BackOffice)","RequestId":"40000054-0007-ef00-b63f-84710c7967bb","RequestPath":"/umbraco/backoffice/umbracoapi/content/PostSave","ProcessId":37148,"ProcessName":"iisexpress","ThreadId":48,"ApplicationId":"9f7c6a500e56b027d20d092f03305e7fa5336738","MachineName":"MOHAMED-HHOSNY","Log4NetLevel":"INFO ","HttpRequestId":"f9aee2a9-6fb5-40c7-92ee-1e2af19aecaa","HttpRequestNumber":2,"HttpSessionId":"3ca0fa9e-d41d-c794-2813-12dddd439b8b"}
{"@t":"2025-06-17T11:46:36.8612752Z","@mt":"Adding examine event handlers for {RegisteredIndexers} index providers.","@tr":"20d128122e6a42115064e633362aa7f7","@sp":"a1e8a5c46316a593","RegisteredIndexers":3,"SourceContext":"Umbraco.Cms.Infrastructure.Examine.ExamineUmbracoIndexingHandler","ActionId":"ad4f3133-5fc4-47f2-b399-aa4badc2252e","ActionName":"Umbraco.Cms.Web.BackOffice.Controllers.ContentController.PostSave (Umbraco.Web.BackOffice)","RequestId":"40000054-0007-ef00-b63f-84710c7967bb","RequestPath":"/umbraco/backoffice/umbracoapi/content/PostSave","ProcessId":37148,"ProcessName":"iisexpress","ThreadId":48,"ApplicationId":"9f7c6a500e56b027d20d092f03305e7fa5336738","MachineName":"MOHAMED-HHOSNY","Log4NetLevel":"INFO ","HttpRequestId":"f9aee2a9-6fb5-40c7-92ee-1e2af19aecaa","HttpRequestNumber":2,"HttpSessionId":"3ca0fa9e-d41d-c794-2813-12dddd439b8b"}
{"@t":"2025-06-17T12:21:06.6901503Z","@mt":"User logged will be logged out due to timeout: {Username}, IP Address: {IPAddress}","@tr":"c81b2c7972033c51e1336e79725a389b","@sp":"82b5d6fa549da9ae","Username":"e.mo.hossam96@gmail.com","IPAddress":"::1","SourceContext":"Umbraco.Cms.Web.BackOffice.Controllers.AuthenticationController","ActionId":"3f5c914e-a841-4ab9-a990-e38a57a17682","ActionName":"Umbraco.Cms.Web.BackOffice.Controllers.AuthenticationController.GetRemainingTimeoutSeconds (Umbraco.Web.BackOffice)","RequestId":"4000000c-0000-f200-b63f-84710c7967bb","RequestPath":"/umbraco/backoffice/umbracoapi/authentication/GetRemainingTimeoutSeconds","ProcessId":37148,"ProcessName":"iisexpress","ThreadId":102,"ApplicationId":"9f7c6a500e56b027d20d092f03305e7fa5336738","MachineName":"MOHAMED-HHOSNY","Log4NetLevel":"INFO ","HttpRequestId":"9f8e9f7d-5d30-4772-ac24-342c7b348a00","HttpRequestNumber":3,"HttpSessionId":"07fe6d2b-786a-66b8-084d-3fe85ed6bed1"}
