{"@t":"2025-06-19T12:18:22.5908775Z","@mt":"Acquiring MainDom.","SourceContext":"Umbraco.Cms.Core.Runtime.MainDom","ProcessId":12036,"ProcessName":"iisexpress","ThreadId":1,"ApplicationId":"9f7c6a500e56b027d20d092f03305e7fa5336738","MachineName":"MOHAMED-HHOSNY","Log4NetLevel":"INFO "}
{"@t":"2025-06-19T12:18:22.6137137Z","@mt":"Acquired MainDom.","SourceContext":"Umbraco.Cms.Core.Runtime.MainDom","ProcessId":12036,"ProcessName":"iisexpress","ThreadId":1,"ApplicationId":"9f7c6a500e56b027d20d092f03305e7fa5336738","MachineName":"MOHAMED-HHOSNY","Log4NetLevel":"INFO "}
{"@t":"2025-06-19T12:18:27.7118447Z","@mt":"Starting recurring background jobs hosted services","SourceContext":"Umbraco.Cms.Infrastructure.BackgroundJobs.RecurringBackgroundJobHostedServiceRunner","ProcessId":12036,"ProcessName":"iisexpress","ThreadId":1,"ApplicationId":"9f7c6a500e56b027d20d092f03305e7fa5336738","MachineName":"MOHAMED-HHOSNY","Log4NetLevel":"INFO "}
{"@t":"2025-06-19T12:18:27.7156093Z","@mt":"Starting background hosted service for {job}","job":"HealthCheckNotifierJob","SourceContext":"Umbraco.Cms.Infrastructure.BackgroundJobs.RecurringBackgroundJobHostedServiceRunner","ProcessId":12036,"ProcessName":"iisexpress","ThreadId":1,"ApplicationId":"9f7c6a500e56b027d20d092f03305e7fa5336738","MachineName":"MOHAMED-HHOSNY","Log4NetLevel":"INFO "}
{"@t":"2025-06-19T12:18:27.7296529Z","@mt":"Starting background hosted service for {job}","job":"KeepAliveJob","SourceContext":"Umbraco.Cms.Infrastructure.BackgroundJobs.RecurringBackgroundJobHostedServiceRunner","ProcessId":12036,"ProcessName":"iisexpress","ThreadId":1,"ApplicationId":"9f7c6a500e56b027d20d092f03305e7fa5336738","MachineName":"MOHAMED-HHOSNY","Log4NetLevel":"INFO "}
{"@t":"2025-06-19T12:18:27.7310681Z","@mt":"Starting background hosted service for {job}","job":"LogScrubberJob","SourceContext":"Umbraco.Cms.Infrastructure.BackgroundJobs.RecurringBackgroundJobHostedServiceRunner","ProcessId":12036,"ProcessName":"iisexpress","ThreadId":1,"ApplicationId":"9f7c6a500e56b027d20d092f03305e7fa5336738","MachineName":"MOHAMED-HHOSNY","Log4NetLevel":"INFO "}
{"@t":"2025-06-19T12:18:27.7321479Z","@mt":"Starting background hosted service for {job}","job":"ContentVersionCleanupJob","SourceContext":"Umbraco.Cms.Infrastructure.BackgroundJobs.RecurringBackgroundJobHostedServiceRunner","ProcessId":12036,"ProcessName":"iisexpress","ThreadId":1,"ApplicationId":"9f7c6a500e56b027d20d092f03305e7fa5336738","MachineName":"MOHAMED-HHOSNY","Log4NetLevel":"INFO "}
{"@t":"2025-06-19T12:18:27.7332238Z","@mt":"Starting background hosted service for {job}","job":"ScheduledPublishingJob","SourceContext":"Umbraco.Cms.Infrastructure.BackgroundJobs.RecurringBackgroundJobHostedServiceRunner","ProcessId":12036,"ProcessName":"iisexpress","ThreadId":1,"ApplicationId":"9f7c6a500e56b027d20d092f03305e7fa5336738","MachineName":"MOHAMED-HHOSNY","Log4NetLevel":"INFO "}
{"@t":"2025-06-19T12:18:27.7342823Z","@mt":"Starting background hosted service for {job}","job":"TempFileCleanupJob","SourceContext":"Umbraco.Cms.Infrastructure.BackgroundJobs.RecurringBackgroundJobHostedServiceRunner","ProcessId":12036,"ProcessName":"iisexpress","ThreadId":1,"ApplicationId":"9f7c6a500e56b027d20d092f03305e7fa5336738","MachineName":"MOHAMED-HHOSNY","Log4NetLevel":"INFO "}
{"@t":"2025-06-19T12:18:27.7352950Z","@mt":"Starting background hosted service for {job}","job":"InstructionProcessJob","SourceContext":"Umbraco.Cms.Infrastructure.BackgroundJobs.RecurringBackgroundJobHostedServiceRunner","ProcessId":12036,"ProcessName":"iisexpress","ThreadId":1,"ApplicationId":"9f7c6a500e56b027d20d092f03305e7fa5336738","MachineName":"MOHAMED-HHOSNY","Log4NetLevel":"INFO "}
{"@t":"2025-06-19T12:18:27.7367627Z","@mt":"Starting background hosted service for {job}","job":"TouchServerJob","SourceContext":"Umbraco.Cms.Infrastructure.BackgroundJobs.RecurringBackgroundJobHostedServiceRunner","ProcessId":12036,"ProcessName":"iisexpress","ThreadId":1,"ApplicationId":"9f7c6a500e56b027d20d092f03305e7fa5336738","MachineName":"MOHAMED-HHOSNY","Log4NetLevel":"INFO "}
{"@t":"2025-06-19T12:18:27.7380115Z","@mt":"Starting background hosted service for {job}","job":"WebhookFiring","SourceContext":"Umbraco.Cms.Infrastructure.BackgroundJobs.RecurringBackgroundJobHostedServiceRunner","ProcessId":12036,"ProcessName":"iisexpress","ThreadId":1,"ApplicationId":"9f7c6a500e56b027d20d092f03305e7fa5336738","MachineName":"MOHAMED-HHOSNY","Log4NetLevel":"INFO "}
{"@t":"2025-06-19T12:18:27.7391249Z","@mt":"Starting background hosted service for {job}","job":"WebhookLoggingCleanup","SourceContext":"Umbraco.Cms.Infrastructure.BackgroundJobs.RecurringBackgroundJobHostedServiceRunner","ProcessId":12036,"ProcessName":"iisexpress","ThreadId":1,"ApplicationId":"9f7c6a500e56b027d20d092f03305e7fa5336738","MachineName":"MOHAMED-HHOSNY","Log4NetLevel":"INFO "}
{"@t":"2025-06-19T12:18:27.7402643Z","@mt":"Starting background hosted service for {job}","job":"ReportSiteJob","SourceContext":"Umbraco.Cms.Infrastructure.BackgroundJobs.RecurringBackgroundJobHostedServiceRunner","ProcessId":12036,"ProcessName":"iisexpress","ThreadId":1,"ApplicationId":"9f7c6a500e56b027d20d092f03305e7fa5336738","MachineName":"MOHAMED-HHOSNY","Log4NetLevel":"INFO "}
{"@t":"2025-06-19T12:18:27.7408176Z","@mt":"Completed starting recurring background jobs hosted services","SourceContext":"Umbraco.Cms.Infrastructure.BackgroundJobs.RecurringBackgroundJobHostedServiceRunner","ProcessId":12036,"ProcessName":"iisexpress","ThreadId":1,"ApplicationId":"9f7c6a500e56b027d20d092f03305e7fa5336738","MachineName":"MOHAMED-HHOSNY","Log4NetLevel":"INFO "}
{"@t":"2025-06-19T12:18:28.4511595Z","@mt":"Application started. Press Ctrl+C to shut down.","SourceContext":"Microsoft.Hosting.Lifetime","ProcessId":12036,"ProcessName":"iisexpress","ThreadId":1,"ApplicationId":"9f7c6a500e56b027d20d092f03305e7fa5336738","MachineName":"MOHAMED-HHOSNY","Log4NetLevel":"INFO "}
{"@t":"2025-06-19T12:18:28.4513482Z","@mt":"Hosting environment: {EnvName}","EnvName":"Development","SourceContext":"Microsoft.Hosting.Lifetime","ProcessId":12036,"ProcessName":"iisexpress","ThreadId":1,"ApplicationId":"9f7c6a500e56b027d20d092f03305e7fa5336738","MachineName":"MOHAMED-HHOSNY","Log4NetLevel":"INFO "}
{"@t":"2025-06-19T12:18:28.4515348Z","@mt":"Content root path: {ContentRoot}","ContentRoot":"D:\\Mohamed\\umbraco\\Umbraco_AutoComplete\\Umbraco_AutoComplete","SourceContext":"Microsoft.Hosting.Lifetime","ProcessId":12036,"ProcessName":"iisexpress","ThreadId":1,"ApplicationId":"9f7c6a500e56b027d20d092f03305e7fa5336738","MachineName":"MOHAMED-HHOSNY","Log4NetLevel":"INFO "}
{"@t":"2025-06-19T12:18:28.7032908Z","@mt":"Failed to parse manifest at '{Path}', ignoring.","@l":"Error","@x":"System.NullReferenceException: Object reference not set to an instance of an object.\r\n   at Umbraco.Cms.Core.Manifest.ManifestParser.ParseManifest(String text)\r\n   at Umbraco.Cms.Core.Manifest.ManifestParser.GetManifests()","Path":"D:\\Mohamed\\umbraco\\Umbraco_AutoComplete\\Umbraco_AutoComplete\\wwwroot\\App_Plugins\\AIRichTextSuggest\\package.manifest","SourceContext":"Umbraco.Cms.Core.Manifest.ManifestParser","ProcessId":12036,"ProcessName":"iisexpress","ThreadId":1,"ApplicationId":"9f7c6a500e56b027d20d092f03305e7fa5336738","MachineName":"MOHAMED-HHOSNY","Log4NetLevel":"ERROR"}
{"@t":"2025-06-19T12:18:29.1704204Z","@mt":"Could not find an editor with alias {EditorAlias}, treating as Label. The site may fail to boot and/or load data types and run.","@l":"Warning","EditorAlias":"AIRichText.Suggest","SourceContext":"Umbraco.Cms.Core.Models.IDataType","ProcessId":12036,"ProcessName":"iisexpress","ThreadId":1,"ApplicationId":"9f7c6a500e56b027d20d092f03305e7fa5336738","MachineName":"MOHAMED-HHOSNY","Log4NetLevel":"WARN "}
{"@t":"2025-06-19T12:18:29.4679249Z","@mt":"Registered with MainDom, localContentDbExists? {LocalContentDbExists}, localMediaDbExists? {LocalMediaDbExists}","@tr":"c3a47cb3b1ffbcfedeba46c215e9bef0","@sp":"aa555aa0ba0f0e9f","LocalContentDbExists":true,"LocalMediaDbExists":true,"SourceContext":"Umbraco.Cms.Infrastructure.PublishedCache.PublishedSnapshotService","RequestId":"40000002-0003-ff00-b63f-84710c7967bb","RequestPath":"/","ProcessId":12036,"ProcessName":"iisexpress","ThreadId":14,"ApplicationId":"9f7c6a500e56b027d20d092f03305e7fa5336738","MachineName":"MOHAMED-HHOSNY","Log4NetLevel":"INFO ","HttpRequestId":"7761b6dc-0266-4f69-81eb-c3073868dda1","HttpRequestNumber":1,"HttpSessionId":"0"}
{"@t":"2025-06-19T12:18:29.4726393Z","@mt":"Creating the content store, localContentDbExists? {LocalContentDbExists}","@tr":"c3a47cb3b1ffbcfedeba46c215e9bef0","@sp":"aa555aa0ba0f0e9f","LocalContentDbExists":true,"SourceContext":"Umbraco.Cms.Infrastructure.PublishedCache.PublishedSnapshotService","RequestId":"40000002-0003-ff00-b63f-84710c7967bb","RequestPath":"/","ProcessId":12036,"ProcessName":"iisexpress","ThreadId":14,"ApplicationId":"9f7c6a500e56b027d20d092f03305e7fa5336738","MachineName":"MOHAMED-HHOSNY","Log4NetLevel":"INFO ","HttpRequestId":"7761b6dc-0266-4f69-81eb-c3073868dda1","HttpRequestNumber":1,"HttpSessionId":"0"}
{"@t":"2025-06-19T12:18:29.4770484Z","@mt":"Creating the media store, localMediaDbExists? {LocalMediaDbExists}","@tr":"c3a47cb3b1ffbcfedeba46c215e9bef0","@sp":"aa555aa0ba0f0e9f","LocalMediaDbExists":true,"SourceContext":"Umbraco.Cms.Infrastructure.PublishedCache.PublishedSnapshotService","RequestId":"40000002-0003-ff00-b63f-84710c7967bb","RequestPath":"/","ProcessId":12036,"ProcessName":"iisexpress","ThreadId":14,"ApplicationId":"9f7c6a500e56b027d20d092f03305e7fa5336738","MachineName":"MOHAMED-HHOSNY","Log4NetLevel":"INFO ","HttpRequestId":"7761b6dc-0266-4f69-81eb-c3073868dda1","HttpRequestNumber":1,"HttpSessionId":"0"}
{"@t":"2025-06-19T12:18:29.8239680Z","@mt":"{StartMessage} [Timing {TimingId}]","@tr":"c3a47cb3b1ffbcfedeba46c215e9bef0","@sp":"aa555aa0ba0f0e9f","StartMessage":"Loading content from local cache file","TimingId":"8b5634c","SourceContext":"Umbraco.Cms.Core.Logging.ProfilingLogger","RequestId":"40000002-0003-ff00-b63f-84710c7967bb","RequestPath":"/","ProcessId":12036,"ProcessName":"iisexpress","ThreadId":14,"ApplicationId":"9f7c6a500e56b027d20d092f03305e7fa5336738","MachineName":"MOHAMED-HHOSNY","Log4NetLevel":"INFO ","HttpRequestId":"7761b6dc-0266-4f69-81eb-c3073868dda1","HttpRequestNumber":1,"HttpSessionId":"0"}
{"@t":"2025-06-19T12:18:29.8861622Z","@mt":"{EndMessage} ({Duration}ms) [Timing {TimingId}]","@tr":"c3a47cb3b1ffbcfedeba46c215e9bef0","@sp":"aa555aa0ba0f0e9f","EndMessage":"Completed.","Duration":62,"TimingId":"8b5634c","SourceContext":"Umbraco.Cms.Core.Logging.ProfilingLogger","RequestId":"40000002-0003-ff00-b63f-84710c7967bb","RequestPath":"/","ProcessId":12036,"ProcessName":"iisexpress","ThreadId":14,"ApplicationId":"9f7c6a500e56b027d20d092f03305e7fa5336738","MachineName":"MOHAMED-HHOSNY","Log4NetLevel":"INFO ","HttpRequestId":"7761b6dc-0266-4f69-81eb-c3073868dda1","HttpRequestNumber":1,"HttpSessionId":"0"}
{"@t":"2025-06-19T12:18:29.8977970Z","@mt":"{StartMessage} [Timing {TimingId}]","@tr":"c3a47cb3b1ffbcfedeba46c215e9bef0","@sp":"aa555aa0ba0f0e9f","StartMessage":"Loading media from local cache file","TimingId":"1b5b9f3","SourceContext":"Umbraco.Cms.Core.Logging.ProfilingLogger","RequestId":"40000002-0003-ff00-b63f-84710c7967bb","RequestPath":"/","ProcessId":12036,"ProcessName":"iisexpress","ThreadId":14,"ApplicationId":"9f7c6a500e56b027d20d092f03305e7fa5336738","MachineName":"MOHAMED-HHOSNY","Log4NetLevel":"INFO ","HttpRequestId":"7761b6dc-0266-4f69-81eb-c3073868dda1","HttpRequestNumber":1,"HttpSessionId":"0"}
{"@t":"2025-06-19T12:18:29.8998398Z","@mt":"Tried to load {entityType} from the local cache file but it was empty.","@tr":"c3a47cb3b1ffbcfedeba46c215e9bef0","@sp":"aa555aa0ba0f0e9f","entityType":"media","SourceContext":"Umbraco.Cms.Infrastructure.PublishedCache.PublishedSnapshotService","RequestId":"40000002-0003-ff00-b63f-84710c7967bb","RequestPath":"/","ProcessId":12036,"ProcessName":"iisexpress","ThreadId":14,"ApplicationId":"9f7c6a500e56b027d20d092f03305e7fa5336738","MachineName":"MOHAMED-HHOSNY","Log4NetLevel":"INFO ","HttpRequestId":"7761b6dc-0266-4f69-81eb-c3073868dda1","HttpRequestNumber":1,"HttpSessionId":"0"}
{"@t":"2025-06-19T12:18:29.9001087Z","@mt":"{EndMessage} ({Duration}ms) [Timing {TimingId}]","@tr":"c3a47cb3b1ffbcfedeba46c215e9bef0","@sp":"aa555aa0ba0f0e9f","EndMessage":"Completed.","Duration":2,"TimingId":"1b5b9f3","SourceContext":"Umbraco.Cms.Core.Logging.ProfilingLogger","RequestId":"40000002-0003-ff00-b63f-84710c7967bb","RequestPath":"/","ProcessId":12036,"ProcessName":"iisexpress","ThreadId":14,"ApplicationId":"9f7c6a500e56b027d20d092f03305e7fa5336738","MachineName":"MOHAMED-HHOSNY","Log4NetLevel":"INFO ","HttpRequestId":"7761b6dc-0266-4f69-81eb-c3073868dda1","HttpRequestNumber":1,"HttpSessionId":"0"}
{"@t":"2025-06-19T12:18:29.9005709Z","@mt":"Loading media from local db raised warnings, will reload from database.","@l":"Warning","@tr":"c3a47cb3b1ffbcfedeba46c215e9bef0","@sp":"aa555aa0ba0f0e9f","SourceContext":"Umbraco.Cms.Infrastructure.PublishedCache.PublishedSnapshotService","RequestId":"40000002-0003-ff00-b63f-84710c7967bb","RequestPath":"/","ProcessId":12036,"ProcessName":"iisexpress","ThreadId":14,"ApplicationId":"9f7c6a500e56b027d20d092f03305e7fa5336738","MachineName":"MOHAMED-HHOSNY","Log4NetLevel":"WARN ","HttpRequestId":"7761b6dc-0266-4f69-81eb-c3073868dda1","HttpRequestNumber":1,"HttpSessionId":"0"}
{"@t":"2025-06-19T12:18:29.9057329Z","@mt":"{StartMessage} [Timing {TimingId}]","@tr":"c3a47cb3b1ffbcfedeba46c215e9bef0","@sp":"aa555aa0ba0f0e9f","StartMessage":"Loading media from database","TimingId":"ede46f4","SourceContext":"Umbraco.Cms.Core.Logging.ProfilingLogger","RequestId":"40000002-0003-ff00-b63f-84710c7967bb","RequestPath":"/","ProcessId":12036,"ProcessName":"iisexpress","ThreadId":14,"ApplicationId":"9f7c6a500e56b027d20d092f03305e7fa5336738","MachineName":"MOHAMED-HHOSNY","Log4NetLevel":"INFO ","HttpRequestId":"7761b6dc-0266-4f69-81eb-c3073868dda1","HttpRequestNumber":1,"HttpSessionId":"0"}
{"@t":"2025-06-19T12:18:30.1474515Z","@mt":"{EndMessage} ({Duration}ms) [Timing {TimingId}]","@tr":"c3a47cb3b1ffbcfedeba46c215e9bef0","@sp":"aa555aa0ba0f0e9f","EndMessage":"Completed.","Duration":241,"TimingId":"ede46f4","SourceContext":"Umbraco.Cms.Core.Logging.ProfilingLogger","RequestId":"40000002-0003-ff00-b63f-84710c7967bb","RequestPath":"/","ProcessId":12036,"ProcessName":"iisexpress","ThreadId":14,"ApplicationId":"9f7c6a500e56b027d20d092f03305e7fa5336738","MachineName":"MOHAMED-HHOSNY","Log4NetLevel":"INFO ","HttpRequestId":"7761b6dc-0266-4f69-81eb-c3073868dda1","HttpRequestNumber":1,"HttpSessionId":"0"}
{"@t":"2025-06-19T12:18:30.7116691Z","@mt":"No physical template file was found for document type with alias {Alias}","@l":"Warning","@tr":"c3a47cb3b1ffbcfedeba46c215e9bef0","@sp":"aa555aa0ba0f0e9f","Alias":"testDoc","SourceContext":"Umbraco.Cms.Web.Common.Controllers.RenderController","ActionId":"82f83412-4e4c-42ba-8228-8f856dbd6fad","ActionName":"Umbraco.Cms.Web.Common.Controllers.RenderController.Index (Umbraco.Web.Common)","RequestId":"40000002-0003-ff00-b63f-84710c7967bb","RequestPath":"/","ProcessId":12036,"ProcessName":"iisexpress","ThreadId":14,"ApplicationId":"9f7c6a500e56b027d20d092f03305e7fa5336738","MachineName":"MOHAMED-HHOSNY","Log4NetLevel":"WARN ","HttpRequestId":"7761b6dc-0266-4f69-81eb-c3073868dda1","HttpRequestNumber":1,"HttpSessionId":"cec030ce-5724-9cb5-0bcd-8f8f4cb18507"}
{"@t":"2025-06-19T12:19:07.6519995Z","@mt":"No property editor '{PropertyEditorAlias}' found, converting to a Label","@l":"Error","@x":"System.NullReferenceException: The property editor with alias AIRichText.Suggest does not exist","@tr":"677dd537497bb0cfa637f73fc66bea55","@sp":"3c177776992b49dc","PropertyEditorAlias":"AIRichText.Suggest","SourceContext":"Umbraco.Cms.Core.Models.Mapping.ContentPropertyDisplayMapper","ActionId":"ab15cc22-77fc-44c4-915c-6e3a3fdbc08c","ActionName":"Umbraco.Cms.Web.BackOffice.Controllers.ContentController.GetById (Umbraco.Web.BackOffice)","RequestId":"40000008-0007-fc00-b63f-84710c7967bb","RequestPath":"/umbraco/backoffice/umbracoapi/content/GetById","ProcessId":12036,"ProcessName":"iisexpress","ThreadId":4,"ApplicationId":"9f7c6a500e56b027d20d092f03305e7fa5336738","MachineName":"MOHAMED-HHOSNY","Log4NetLevel":"ERROR","HttpRequestId":"80b7337b-a600-4022-a714-46d5f1d380ea","HttpRequestNumber":2,"HttpSessionId":"d3183cfd-0227-14ad-202b-e901fdb5b3e4"}
{"@t":"2025-06-19T12:19:29.8607374Z","@mt":"The Delivery API is not enabled, no indexing will performed for the Delivery API content index.","SourceContext":"Umbraco.Cms.Infrastructure.Examine.DeliveryApiContentIndexPopulator","ProcessId":12036,"ProcessName":"iisexpress","ThreadId":7,"ApplicationId":"9f7c6a500e56b027d20d092f03305e7fa5336738","MachineName":"MOHAMED-HHOSNY","Log4NetLevel":"INFO "}
{"@t":"2025-06-19T12:22:06.6721785Z","@mt":"No property editor '{PropertyEditorAlias}' found, converting to a Label","@l":"Error","@x":"System.NullReferenceException: The property editor with alias AIRichText.Suggest does not exist","@tr":"8d53a0de508c7986f23039f9ddbab84d","@sp":"c800b178058c7b8a","PropertyEditorAlias":"AIRichText.Suggest","SourceContext":"Umbraco.Cms.Core.Models.Mapping.ContentPropertyDtoMapper","ActionId":"4f6fc7b3-e35a-4237-86b7-aaca087f7cdb","ActionName":"Umbraco.Cms.Web.BackOffice.Controllers.ContentController.PostSave (Umbraco.Web.BackOffice)","RequestId":"4000000a-0001-ff00-b63f-84710c7967bb","RequestPath":"/umbraco/backoffice/umbracoapi/content/PostSave","ProcessId":12036,"ProcessName":"iisexpress","ThreadId":7,"ApplicationId":"9f7c6a500e56b027d20d092f03305e7fa5336738","MachineName":"MOHAMED-HHOSNY","Log4NetLevel":"ERROR","HttpRequestId":"c773695f-2f4b-4679-b219-fba023f4d5ed","HttpRequestNumber":3,"HttpSessionId":"fd69b29a-d1fa-488b-da03-5c263520de8c"}
{"@t":"2025-06-19T12:22:07.1505774Z","@mt":"Document {ContentName} (id={ContentId}) has been published.","@tr":"8d53a0de508c7986f23039f9ddbab84d","@sp":"c800b178058c7b8a","ContentName":"sdsd","ContentId":1059,"SourceContext":"Umbraco.Cms.Core.Services.ContentService","ActionId":"4f6fc7b3-e35a-4237-86b7-aaca087f7cdb","ActionName":"Umbraco.Cms.Web.BackOffice.Controllers.ContentController.PostSave (Umbraco.Web.BackOffice)","RequestId":"4000000a-0001-ff00-b63f-84710c7967bb","RequestPath":"/umbraco/backoffice/umbracoapi/content/PostSave","ProcessId":12036,"ProcessName":"iisexpress","ThreadId":7,"ApplicationId":"9f7c6a500e56b027d20d092f03305e7fa5336738","MachineName":"MOHAMED-HHOSNY","Log4NetLevel":"INFO ","HttpRequestId":"c773695f-2f4b-4679-b219-fba023f4d5ed","HttpRequestNumber":3,"HttpSessionId":"fd69b29a-d1fa-488b-da03-5c263520de8c"}
{"@t":"2025-06-19T12:22:07.9534791Z","@mt":"Adding examine event handlers for {RegisteredIndexers} index providers.","@tr":"8d53a0de508c7986f23039f9ddbab84d","@sp":"c800b178058c7b8a","RegisteredIndexers":3,"SourceContext":"Umbraco.Cms.Infrastructure.Examine.ExamineUmbracoIndexingHandler","ActionId":"4f6fc7b3-e35a-4237-86b7-aaca087f7cdb","ActionName":"Umbraco.Cms.Web.BackOffice.Controllers.ContentController.PostSave (Umbraco.Web.BackOffice)","RequestId":"4000000a-0001-ff00-b63f-84710c7967bb","RequestPath":"/umbraco/backoffice/umbracoapi/content/PostSave","ProcessId":12036,"ProcessName":"iisexpress","ThreadId":7,"ApplicationId":"9f7c6a500e56b027d20d092f03305e7fa5336738","MachineName":"MOHAMED-HHOSNY","Log4NetLevel":"INFO ","HttpRequestId":"c773695f-2f4b-4679-b219-fba023f4d5ed","HttpRequestNumber":3,"HttpSessionId":"fd69b29a-d1fa-488b-da03-5c263520de8c"}
{"@t":"2025-06-19T12:22:08.1777012Z","@mt":"No property editor '{PropertyEditorAlias}' found, converting to a Label","@l":"Error","@x":"System.NullReferenceException: The property editor with alias AIRichText.Suggest does not exist","@tr":"8d53a0de508c7986f23039f9ddbab84d","@sp":"c800b178058c7b8a","PropertyEditorAlias":"AIRichText.Suggest","SourceContext":"Umbraco.Cms.Core.Models.Mapping.ContentPropertyDisplayMapper","ActionId":"4f6fc7b3-e35a-4237-86b7-aaca087f7cdb","ActionName":"Umbraco.Cms.Web.BackOffice.Controllers.ContentController.PostSave (Umbraco.Web.BackOffice)","RequestId":"4000000a-0001-ff00-b63f-84710c7967bb","RequestPath":"/umbraco/backoffice/umbracoapi/content/PostSave","ProcessId":12036,"ProcessName":"iisexpress","ThreadId":7,"ApplicationId":"9f7c6a500e56b027d20d092f03305e7fa5336738","MachineName":"MOHAMED-HHOSNY","Log4NetLevel":"ERROR","HttpRequestId":"c773695f-2f4b-4679-b219-fba023f4d5ed","HttpRequestNumber":3,"HttpSessionId":"fd69b29a-d1fa-488b-da03-5c263520de8c"}
{"@t":"2025-06-19T12:23:21.0377801Z","@mt":"No property editor could be resolved with the alias: {PropertyEditorAlias}, defaulting to label","@l":"Error","@tr":"396fcb5405b065bdaf6329bf6b58425d","@sp":"a115823a8c1451a3","PropertyEditorAlias":"AIRichText.Suggest","SourceContext":"Umbraco.Cms.Core.Models.Mapping.PropertyTypeGroupMapper","ActionId":"cbf1d21d-b7ed-4459-83b8-41b0d0e6ffd2","ActionName":"Umbraco.Cms.Web.BackOffice.Controllers.ContentTypeController.GetById (Umbraco.Web.BackOffice)","RequestId":"40000017-0007-fc00-b63f-84710c7967bb","RequestPath":"/umbraco/backoffice/umbracoapi/contenttype/GetById","ProcessId":12036,"ProcessName":"iisexpress","ThreadId":24,"ApplicationId":"9f7c6a500e56b027d20d092f03305e7fa5336738","MachineName":"MOHAMED-HHOSNY","Log4NetLevel":"ERROR","HttpRequestId":"74e57821-778a-4b34-a85c-6daf451f8f08","HttpRequestNumber":4,"HttpSessionId":"8273d6b2-0e8c-5fd4-8316-3a5be0a1c575"}
{"@t":"2025-06-19T12:23:27.8207104Z","@mt":"Failed to parse manifest at '{Path}', ignoring.","@l":"Error","@x":"System.NullReferenceException: Object reference not set to an instance of an object.\r\n   at Umbraco.Cms.Core.Manifest.ManifestParser.ParseManifest(String text)\r\n   at Umbraco.Cms.Core.Manifest.ManifestParser.GetManifests()","Path":"D:\\Mohamed\\umbraco\\Umbraco_AutoComplete\\Umbraco_AutoComplete\\wwwroot\\App_Plugins\\AIRichTextSuggest\\package.manifest","SourceContext":"Umbraco.Cms.Core.Manifest.ManifestParser","ProcessId":12036,"ProcessName":"iisexpress","ThreadId":32,"ApplicationId":"9f7c6a500e56b027d20d092f03305e7fa5336738","MachineName":"MOHAMED-HHOSNY","Log4NetLevel":"ERROR"}
{"@t":"2025-06-19T12:23:39.5617721Z","@mt":"Could not find an editor with alias {EditorAlias}, treating as Label. The site may fail to boot and/or load data types and run.","@l":"Warning","@tr":"8870b63667c286a7b34a4fd174bcbad5","@sp":"e8f4d3158d4a232f","EditorAlias":"AIRichText.Suggest","SourceContext":"Umbraco.Cms.Core.Models.IDataType","ActionId":"ab66b54a-c718-4e2c-ac21-8d22ea220b45","ActionName":"Umbraco.Cms.Web.BackOffice.Controllers.ContentTypeController.PostSave (Umbraco.Web.BackOffice)","RequestId":"40000027-0003-ff00-b63f-84710c7967bb","RequestPath":"/umbraco/backoffice/umbracoapi/contenttype/PostSave","ProcessId":12036,"ProcessName":"iisexpress","ThreadId":38,"ApplicationId":"9f7c6a500e56b027d20d092f03305e7fa5336738","MachineName":"MOHAMED-HHOSNY","Log4NetLevel":"WARN ","HttpRequestId":"3566f33f-082d-4fb3-b584-d25d9b4dac03","HttpRequestNumber":5,"HttpSessionId":"6873a545-5d17-4297-9df4-82e9703b524e"}
{"@t":"2025-06-19T12:23:39.5784112Z","@mt":"{StartMessage} [Timing {TimingId}]","@tr":"8870b63667c286a7b34a4fd174bcbad5","@sp":"e8f4d3158d4a232f","StartMessage":"Loading content from database","TimingId":"07710ee","SourceContext":"Umbraco.Cms.Core.Logging.ProfilingLogger","ActionId":"ab66b54a-c718-4e2c-ac21-8d22ea220b45","ActionName":"Umbraco.Cms.Web.BackOffice.Controllers.ContentTypeController.PostSave (Umbraco.Web.BackOffice)","RequestId":"40000027-0003-ff00-b63f-84710c7967bb","RequestPath":"/umbraco/backoffice/umbracoapi/contenttype/PostSave","ProcessId":12036,"ProcessName":"iisexpress","ThreadId":38,"ApplicationId":"9f7c6a500e56b027d20d092f03305e7fa5336738","MachineName":"MOHAMED-HHOSNY","Log4NetLevel":"INFO ","HttpRequestId":"3566f33f-082d-4fb3-b584-d25d9b4dac03","HttpRequestNumber":5,"HttpSessionId":"6873a545-5d17-4297-9df4-82e9703b524e"}
{"@t":"2025-06-19T12:23:39.6596633Z","@mt":"{EndMessage} ({Duration}ms) [Timing {TimingId}]","@tr":"8870b63667c286a7b34a4fd174bcbad5","@sp":"e8f4d3158d4a232f","EndMessage":"Completed.","Duration":81,"TimingId":"07710ee","SourceContext":"Umbraco.Cms.Core.Logging.ProfilingLogger","ActionId":"ab66b54a-c718-4e2c-ac21-8d22ea220b45","ActionName":"Umbraco.Cms.Web.BackOffice.Controllers.ContentTypeController.PostSave (Umbraco.Web.BackOffice)","RequestId":"40000027-0003-ff00-b63f-84710c7967bb","RequestPath":"/umbraco/backoffice/umbracoapi/contenttype/PostSave","ProcessId":12036,"ProcessName":"iisexpress","ThreadId":38,"ApplicationId":"9f7c6a500e56b027d20d092f03305e7fa5336738","MachineName":"MOHAMED-HHOSNY","Log4NetLevel":"INFO ","HttpRequestId":"3566f33f-082d-4fb3-b584-d25d9b4dac03","HttpRequestNumber":5,"HttpSessionId":"6873a545-5d17-4297-9df4-82e9703b524e"}
{"@t":"2025-06-19T12:23:39.6665730Z","@mt":"{StartMessage} [Timing {TimingId}]","@tr":"8870b63667c286a7b34a4fd174bcbad5","@sp":"e8f4d3158d4a232f","StartMessage":"Loading media from database","TimingId":"89c2801","SourceContext":"Umbraco.Cms.Core.Logging.ProfilingLogger","ActionId":"ab66b54a-c718-4e2c-ac21-8d22ea220b45","ActionName":"Umbraco.Cms.Web.BackOffice.Controllers.ContentTypeController.PostSave (Umbraco.Web.BackOffice)","RequestId":"40000027-0003-ff00-b63f-84710c7967bb","RequestPath":"/umbraco/backoffice/umbracoapi/contenttype/PostSave","ProcessId":12036,"ProcessName":"iisexpress","ThreadId":38,"ApplicationId":"9f7c6a500e56b027d20d092f03305e7fa5336738","MachineName":"MOHAMED-HHOSNY","Log4NetLevel":"INFO ","HttpRequestId":"3566f33f-082d-4fb3-b584-d25d9b4dac03","HttpRequestNumber":5,"HttpSessionId":"6873a545-5d17-4297-9df4-82e9703b524e"}
{"@t":"2025-06-19T12:23:39.7192224Z","@mt":"{EndMessage} ({Duration}ms) [Timing {TimingId}]","@tr":"8870b63667c286a7b34a4fd174bcbad5","@sp":"e8f4d3158d4a232f","EndMessage":"Completed.","Duration":52,"TimingId":"89c2801","SourceContext":"Umbraco.Cms.Core.Logging.ProfilingLogger","ActionId":"ab66b54a-c718-4e2c-ac21-8d22ea220b45","ActionName":"Umbraco.Cms.Web.BackOffice.Controllers.ContentTypeController.PostSave (Umbraco.Web.BackOffice)","RequestId":"40000027-0003-ff00-b63f-84710c7967bb","RequestPath":"/umbraco/backoffice/umbracoapi/contenttype/PostSave","ProcessId":12036,"ProcessName":"iisexpress","ThreadId":38,"ApplicationId":"9f7c6a500e56b027d20d092f03305e7fa5336738","MachineName":"MOHAMED-HHOSNY","Log4NetLevel":"INFO ","HttpRequestId":"3566f33f-082d-4fb3-b584-d25d9b4dac03","HttpRequestNumber":5,"HttpSessionId":"6873a545-5d17-4297-9df4-82e9703b524e"}
{"@t":"2025-06-19T12:23:39.9098630Z","@mt":"No property editor could be resolved with the alias: {PropertyEditorAlias}, defaulting to label","@l":"Error","@tr":"8870b63667c286a7b34a4fd174bcbad5","@sp":"e8f4d3158d4a232f","PropertyEditorAlias":"AIRichText.Suggest","SourceContext":"Umbraco.Cms.Core.Models.Mapping.PropertyTypeGroupMapper","ActionId":"ab66b54a-c718-4e2c-ac21-8d22ea220b45","ActionName":"Umbraco.Cms.Web.BackOffice.Controllers.ContentTypeController.PostSave (Umbraco.Web.BackOffice)","RequestId":"40000027-0003-ff00-b63f-84710c7967bb","RequestPath":"/umbraco/backoffice/umbracoapi/contenttype/PostSave","ProcessId":12036,"ProcessName":"iisexpress","ThreadId":38,"ApplicationId":"9f7c6a500e56b027d20d092f03305e7fa5336738","MachineName":"MOHAMED-HHOSNY","Log4NetLevel":"ERROR","HttpRequestId":"3566f33f-082d-4fb3-b584-d25d9b4dac03","HttpRequestNumber":5,"HttpSessionId":"6873a545-5d17-4297-9df4-82e9703b524e"}
{"@t":"2025-06-19T12:23:52.2895410Z","@mt":"No property editor '{PropertyEditorAlias}' found, converting to a Label","@l":"Error","@x":"System.NullReferenceException: The property editor with alias AIRichText.Suggest does not exist","@tr":"80a4f9364be3310fcdf03226e5e9653f","@sp":"4a37c5209ae1d840","PropertyEditorAlias":"AIRichText.Suggest","SourceContext":"Umbraco.Cms.Core.Models.Mapping.ContentPropertyDisplayMapper","ActionId":"ab15cc22-77fc-44c4-915c-6e3a3fdbc08c","ActionName":"Umbraco.Cms.Web.BackOffice.Controllers.ContentController.GetById (Umbraco.Web.BackOffice)","RequestId":"4000001b-0007-fc00-b63f-84710c7967bb","RequestPath":"/umbraco/backoffice/umbracoapi/content/GetById","ProcessId":12036,"ProcessName":"iisexpress","ThreadId":38,"ApplicationId":"9f7c6a500e56b027d20d092f03305e7fa5336738","MachineName":"MOHAMED-HHOSNY","Log4NetLevel":"ERROR","HttpRequestId":"0d4908dd-8927-4a50-aa4e-81f57313be85","HttpRequestNumber":6,"HttpSessionId":"fad9c4c1-54d2-612b-b5db-263afb5ea10f"}
